if_score,lstm_score,fusion_score,severity,anomaly
0.1559810443444572,0.0,0.10138767882389718,WEAK,False
0.09993600865607732,0.0,0.06495840562645026,WEAK,False
0.09905332741746553,0.0,0.06438466282135259,WEAK,False
0.11410491677896839,0.0,0.07416819590632946,WEAK,False
0.10956589887262769,0.0,0.071217834267208,WEAK,False
0.08945779888324223,0.0,0.058147569274107455,WEAK,False
0.09872132289470914,0.0,0.06416885988156094,WEAK,False
0.13308445961988785,0.0,0.0865048987529271,WEAK,False
0.13211220884752345,0.0,0.08587293575089025,WEAK,False
0.13086358751763727,0.0,0.08506133188646423,WEAK,False
0.13017976973715212,0.21601732884366998,0.18597418315638875,WEAK,False
0.1412412125881456,0.1521563120056862,0.14833602720954697,WEAK,False
0.15295507235628053,0.14644251463046185,0.150675677152244,WEAK,False
0.17710829204430395,0.14622868751016832,0.16630043045735649,WEAK,False
0.19075380171575412,0.1055974929167719,0.16094909363611035,WEAK,False
0.21004908647737625,0.09901207645445607,0.1711861329693542,WEAK,False
0.12134862827320264,0.09079004360715687,0.11065312364008661,WEAK,False
0.22811674446153113,0.13611157537793928,0.195914935282274,WEAK,False
0.11093727007903281,0.23118401346796347,0.18909765328183772,WEAK,False
0.14321889188078601,0.24981903027091082,0.21250898183436714,WEAK,False
0.09938181158873932,0.3414151031083259,0.2567034510764706,WEAK,False
0.14098919016623057,0.3833304887511922,0.29851103424645564,WEAK,False
0.10508443504931103,0.3965612765847915,0.2945443820473734,WEAK,False
0.09977175330609406,0.43544009012657475,0.31795617223940653,WEAK,False
0.10896305644896076,0.46235272544464945,0.3386663412961584,WEAK,False
0.09439119013770875,0.4524878195242739,0.32715399923897615,WEAK,False
0.16342380996246691,0.3788331021404933,0.30343984987818406,WEAK,False
0.14601607377851517,0.34461760672340697,0.27510707019269487,WEAK,False
0.10617222783692498,0.26101128542680446,0.20681761527034664,WEAK,False
0.1620222148237605,0.2206386931020766,0.20012292570466594,WEAK,False
0.11777115248893533,0.20998189944518778,0.17770813801049942,WEAK,False
0.10535409697785808,0.23418171056989467,0.18909204581268188,WEAK,False
0.11716727167144325,0.22731637297601617,0.18876418751941565,WEAK,False
0.13186295757698613,0.21904629710683468,0.1885321282713877,WEAK,False
0.16395867215611254,0.2101581314105094,0.1939883206714705,WEAK,False
0.18216572076448762,0.1795825858389977,0.18126162354056613,WEAK,False
0.21396819058163724,0.19374175714332137,0.20688893887822668,WEAK,False
0.23876345977801267,0.11535009445071871,0.19556878191345978,WEAK,False
0.2546496706419456,0.1252197591742701,0.20934920162825918,WEAK,False
0.2658794337262695,0.09934257106380771,0.20759153179440787,WEAK,False
0.27323178192652303,0.1143881002078329,0.21763649332498147,WEAK,False
0.1113226933427805,0.1689549212675563,0.14878364149388476,WEAK,False
0.28030462182930277,0.2272184980550755,0.2617244785083232,WEAK,False
0.2846221389941895,0.4242112946554,0.3753550901739763,MODERATE,False
0.2854715970237062,0.5037867128809509,0.4273764223309153,MODERATE,False
0.29016421856214974,0.5896963445855858,0.4848601004773832,MODERATE,False
0.13891364928865407,0.6711412899909007,0.48486161574511444,MODERATE,False
0.11623027740168246,0.6480880523262883,0.4619378311026763,MODERATE,False
0.10716158122340502,0.6368174169906977,0.4514378744721453,MODERATE,False
0.1125735655901805,0.6074782454469599,0.43426160749708714,MODERATE,False
0.11330838263915649,0.6185420354256779,0.4417102569503954,MODERATE,False
0.12468184626036988,0.5388591385909074,0.39389708627521924,MODERATE,False
0.13811151277729022,0.4457863054780858,0.33810012803280737,WEAK,False
0.1497943633183133,0.3800445435622322,0.2994569804768606,WEAK,False
0.11644493678957529,0.32562890023335067,0.2524145130280293,WEAK,False
0.11636925894009958,0.2773148396725429,0.22098388641618774,WEAK,False
0.0998370863918448,0.16913860733499803,0.1448830750048944,WEAK,False
0.10994596446822158,0.22656568095162213,0.18574878018243193,WEAK,False
0.1051033594535794,0.27791756337243384,0.21743259200083478,WEAK,False
0.12203843270959885,0.27344291500594237,0.22045134620222212,WEAK,False
0.13182454824080336,0.24228147426964902,0.20362155015955305,WEAK,False
0.1675554820423159,0.2429978899790917,0.2165930472012202,WEAK,False
0.192477434354895,0.24161155691622344,0.22441461401975848,WEAK,False
0.21661091127598858,0.21766270627100118,0.21729457802274676,WEAK,False
0.23797716317762546,0.22072450942117533,0.2319387343628679,WEAK,False
0.2567580166013765,0.23618294616276872,0.24955674194786376,WEAK,False
0.2658794337262695,0.21934674062339152,0.24959299114026218,WEAK,False
0.27323178192652303,0.20721454877152545,0.2501257503222739,WEAK,False
0.27946215088077025,0.24481579407740653,0.26733592599959294,WEAK,False
0.2850467243260339,0.24223783677011465,0.27006361368146214,WEAK,False
0.11475662585950908,0.31826301224403264,0.2470357770094494,WEAK,False
0.2871739653645226,0.37248273430627116,0.3426246651766592,WEAK,False
0.29647978066454966,0.5993964242256784,0.49337559897928335,MODERATE,False
0.3016109295564527,0.6880923065664772,0.5528238246129686,MODERATE,False
0.3054176697807754,0.7915958894986759,0.6214335125974108,STRONG,False
0.3076139410302701,0.896305176137874,0.6902632438502126,STRONG,True
0.3080540875643855,1.0070923202364017,0.762428938801196,STRONG,True
0.14261033431057807,1.124147201884051,0.7806092982333356,STRONG,True
0.11587924190655746,1.0778864653393645,0.741183937137882,STRONG,True
0.11028737320179793,1.0088029564241092,0.6943225022963003,STRONG,True
0.11344674338109167,0.8682054166340403,0.6040398809955083,STRONG,True
0.12269537649843132,0.7725831335133707,0.545122418558142,MODERATE,True
0.13696626326433947,0.6584706667000192,0.4759441254975313,MODERATE,True
0.10827465660876201,0.5507851613262101,0.39590648467510325,MODERATE,True
0.15972970864561525,0.4595568850839618,0.3546173733305405,WEAK,False
0.17452500392762865,0.4365348425992523,0.34483139906418403,WEAK,False
0.19974527133893522,0.32072609768615506,0.27838280846462815,WEAK,False
0.15422605199028072,0.15741108263249842,0.15629632190772222,WEAK,False
0.11580478610807726,0.16652890465129752,0.14877546316117043,WEAK,False
0.1944517741683675,0.2016384373988226,0.1991231052681633,WEAK,False
0.11124472978084482,0.31064867515462313,0.24085729427380073,WEAK,False
0.10939612340133442,0.35731601156663806,0.2705440507087818,WEAK,False
0.2008498608379547,0.33376348967547836,0.28724371958234507,WEAK,False
0.12449537627897383,0.3770540392874663,0.28865850723449393,WEAK,False
0.12078813414545919,0.42893838509397164,0.32108579726199227,WEAK,False
0.13116599579354893,0.4969592384043793,0.3689316034905887,MODERATE,False
0.14261033431057807,0.4610174172320481,0.3495749382095336,WEAK,False
0.11587924190655746,0.44320529697174194,0.32864117769892737,WEAK,False
0.11028737320179793,0.49499111279960956,0.3603448039403755,WEAK,False
0.1050610668499618,0.499769588761384,0.36162160609238625,WEAK,False
0.11344674338109167,0.3503566739590746,0.2674381982567806,WEAK,False
0.12269537649843132,0.3990985298000516,0.3023574261444845,WEAK,False
0.13696626326433947,0.3677140126653534,0.2869523003749985,WEAK,False
0.1497943633183133,0.21564060898053913,0.1925944229987601,WEAK,False
0.11644493678957529,0.12549456501851156,0.12232719513838386,WEAK,False
0.10994596446822158,0.14997488192487088,0.13596476081504363,WEAK,False
0.1139773812949314,0.14155516385608807,0.13190293995968325,WEAK,False
0.12203843270959885,0.13372108167673666,0.12963215453823843,WEAK,False
0.13182454824080336,0.1239425470612737,0.12906584782796798,WEAK,False
0.1497943633183133,0.11391081637071938,0.13723512188665543,WEAK,False
0.11644493678957529,0.06641693436312941,0.09893513594031925,WEAK,False
0.10994596446822158,0.0884337562525125,0.1024166915927234,WEAK,False
0.10193861249614167,0.09552206034855902,0.09969281924448775,WEAK,False
0.1139773812949314,0.08325333498917638,0.10322396508791715,WEAK,False
0.12203843270959885,0.12636104404100126,0.12484813007501043,WEAK,False
0.13182454824080336,0.1149488468538802,0.12591805275538026,WEAK,False
0.14495665853392464,0.11582337990845272,0.13476001101500948,WEAK,False
0.12425503440245828,0.15565785751606337,0.14466686942630158,WEAK,False
0.11413989357118176,0.20356495387137152,0.1722661827663051,WEAK,False
0.10497780601986617,0.19471225959107677,0.16330520084115305,WEAK,False
0.11362634633050933,0.17964331414794854,0.15653737541184481,WEAK,False
0.12966410788336674,0.171471878529545,0.15683915880338262,WEAK,False
0.13828986924425474,0.16449486916197195,0.1553231191907709,WEAK,False
0.11683650458193717,0.10918053039524837,0.1141569136165961,WEAK,False
0.10752918950815393,0.12176316718677323,0.11678127499925647,WEAK,False
0.10768984057722081,0.12306250619047121,0.11768207322583357,WEAK,False
0.08251247504087417,0.10402290694703951,0.09649425577988165,WEAK,False
0.11277381917342905,0.09043517892187466,0.10495529508538501,WEAK,False
0.12425401706451422,0.1761037588285759,0.1579563492111543,WEAK,False
0.13794087134607602,0.16453691081795938,0.15522829700280022,WEAK,False
0.13891364928865407,0.17644458969248034,0.16330876055114113,WEAK,False
0.11623027740168246,0.20507529132166452,0.1739795364496708,WEAK,False
0.10716158122340502,0.20835993661100502,0.17294051222534504,WEAK,False
0.11330838263915649,0.21695212776517872,0.18067681697107096,WEAK,False
0.16668831610149287,0.2205879925446296,0.20172310578953173,WEAK,False
0.16160628039049846,0.29066474025040734,0.24549427929943923,WEAK,False
0.12468184626036988,0.26430294469147486,0.2154355602405881,WEAK,False
0.1818216179393773,0.24550629000786742,0.22321665478389585,WEAK,False
0.13811151277729022,0.30085085305098963,0.24389208395519485,WEAK,False
0.13828986924425474,0.33290761298928645,0.26479140267852536,WEAK,False
0.11683650458193717,0.3277717288173116,0.25394440033493054,WEAK,False
0.10752918950815393,0.36125515790162277,0.2724510689639087,WEAK,False
0.10201322455843198,0.3521908175236707,0.2646286599858372,WEAK,False
0.11277381917342905,0.3644558704362405,0.2763671524942565,WEAK,False
0.12425401706451422,0.3514407638109461,0.27192540244969493,WEAK,False
0.157731297640961,0.3312124185762448,0.27049402624889546,WEAK,False
0.12059505332575515,0.308693948949157,0.2428593354809664,WEAK,False
0.11338686492941996,0.30131808884861067,0.2355421604768939,WEAK,False
0.10880382667075267,0.17043996966224342,0.14886731961522165,WEAK,False
0.11722444103613061,0.14616139870791445,0.1360334635227901,WEAK,False
0.11307063002422973,0.1348372942487374,0.1272189617701597,WEAK,False
0.12752552645001786,0.1922692130362878,0.16960892273109332,WEAK,False
0.1497943633183133,0.2525398899961788,0.2165789556589259,WEAK,False
0.11644493678957529,0.19957830674681246,0.17048162726177946,WEAK,False
0.10994596446822158,0.2003643912373601,0.16871794186816164,WEAK,False
0.1139773812949314,0.16923972877055093,0.1498979071540841,WEAK,False
0.14838479246803638,0.14935751575357845,0.14901706260363873,WEAK,False
0.12203843270959885,0.18753841083639147,0.16461341849201405,WEAK,False
0.1497943633183133,0.2786246240335901,0.23353403278324322,WEAK,False
0.11644493678957529,0.2690994269141162,0.2156703553705269,WEAK,False
0.10994596446822158,0.2505834399584213,0.2013603235368514,WEAK,False
0.1139773812949314,0.1748864789582045,0.1535682947760589,WEAK,False
0.12203843270959885,0.15205133096937778,0.14154681657845516,WEAK,False
0.13891364928865407,0.1339556623533476,0.13717835386129681,WEAK,False
0.11623027740168246,0.14644248132664875,0.13586820995291055,WEAK,False
0.10716158122340502,0.1530404084665841,0.1369828189314714,WEAK,False
0.11330838263915649,0.12286677843178873,0.11952133990436745,WEAK,False
0.14502463938610793,0.061333814818269286,0.11573285078736441,WEAK,False
0.14655868660761212,0.15835701355701745,0.15422759912472558,WEAK,False
0.1578503005948279,0.18121436226497117,0.17303694068042103,WEAK,False
0.157731297640961,0.16743603731153048,0.16403937842683117,WEAK,False
0.12059505332575515,0.23077267649423372,0.19221050838526624,WEAK,False
0.11338686492941996,0.22922874882259897,0.18868408945998633,WEAK,False
0.10880382667075267,0.2597770615190306,0.20693642932213335,WEAK,False
0.11722444103613061,0.27953192132810173,0.22272430322591186,WEAK,False
0.1373406103576426,0.2802453813476564,0.2302287115011516,WEAK,False
0.11514224223221908,0.2574347978017816,0.2076324033524347,WEAK,False
0.10505104809901017,0.17949232326636577,0.15343787695779132,WEAK,False
0.11138349226809341,0.18092789535916148,0.15658735427728765,WEAK,False
0.14495665853392464,0.1688982248511781,0.1605186766401394,WEAK,False
0.12425503440245828,0.07950008720303618,0.10859080288266054,WEAK,False
0.11413989357118176,0.09518211697045871,0.1075046717609287,WEAK,False
0.10497780601986617,0.09924167748282459,0.10297016103190162,WEAK,False
0.11362634633050933,0.09027664932211871,0.10545395237757262,WEAK,False
0.09595502910151188,0.09235329894537804,0.09469442354686504,WEAK,False
0.12966410788336674,0.11055267568059256,0.12297510661239577,WEAK,False
0.1497943633183133,0.19342418367842992,0.1781537465523891,WEAK,False
0.11644493678957529,0.1943527002821561,0.1670849830597528,WEAK,False
0.10994596446822158,0.1995490821807088,0.16818799098133827,WEAK,False
0.1139773812949314,0.1694857323708595,0.15005780949428468,WEAK,False
0.12203843270959885,0.12614744043005804,0.12470928772789733,WEAK,False
0.1373406103576426,0.1179899678047468,0.13056788546412906,WEAK,False
0.11514224223221908,0.12895365268329276,0.12411965902541697,WEAK,False
0.10505104809901017,0.13561803240589443,0.12491958789848495,WEAK,False
0.11138349226809341,0.11064767327906992,0.1111259556219352,WEAK,False
0.14495665853392464,0.06290522580880419,0.11623865708013248,WEAK,False
0.12425503440245828,0.06765174613674858,0.10444388350945988,WEAK,False
0.10450427294389592,0.09587067291873586,0.10148251293508989,WEAK,False
0.11413989357118176,0.1045061395723188,0.11076807967157973,WEAK,False
0.10497780601986617,0.14414843661996027,0.13043871590992734,WEAK,False
0.11362634633050933,0.13396490071804124,0.12684640668240507,WEAK,False
0.14495665853392464,0.12664743972892537,0.1385484319521749,WEAK,False
0.12425503440245828,0.15261607353685575,0.14268970983981663,WEAK,False
0.11413989357118176,0.1980043029960161,0.16865175969732407,WEAK,False
0.10497780601986617,0.20893998637955055,0.17255322325366101,WEAK,False
0.11362634633050933,0.174715338012614,0.15333419092387734,WEAK,False
0.157731297640961,0.13756958842238548,0.15067469941445955,WEAK,False
0.12059505332575515,0.14909136921882465,0.13911765865625034,WEAK,False
0.11338686492941996,0.12981711320114972,0.12406652630604431,WEAK,False
0.10880382667075267,0.13865133163840074,0.1282047048997239,WEAK,False
0.11387427221363106,0.1323267383234441,0.12586837518500954,WEAK,False
0.11722444103613061,0.12090359981625624,0.11961589424321227,WEAK,False
0.13811151277729022,0.1561760117854782,0.14985343713261243,WEAK,False
0.14305063272606494,0.1450871796334936,0.14437438821589357,WEAK,False
0.10389307086491023,0.21361113940667964,0.17520981541706038,WEAK,False
0.12788480770552885,0.2460126806459277,0.2046679251167881,WEAK,False
0.11313164088452726,0.3001428543758405,0.23468892965388086,WEAK,False
0.10651504746702561,0.26586917127701276,0.21009522794351726,WEAK,False
0.10762481803165314,0.28728795929069023,0.22440585985002726,WEAK,False
0.11291112446011425,0.34256087614615244,0.26218346305603907,WEAK,False
0.12822831720360095,0.34901492250228655,0.2717396106477466,WEAK,False
0.02920895024966297,0.2684776285717749,0.1847335911590357,WEAK,False
0.06840175474404092,0.2705554205142258,0.19980163749466112,WEAK,False
0.1499066749445676,0.21423231834664153,0.19171834315591565,WEAK,False
0.13460509391653075,0.25156210327609624,0.21062715000024834,WEAK,False
0.16999557659385373,0.294013979409558,0.2506075384240615,WEAK,False
0.15606475716287443,0.37412757861333834,0.29780559110567595,WEAK,False
0.15646848372472372,0.32821500561785566,0.26810372295525947,WEAK,False
0.17257643721266153,0.26839683149980653,0.2348596934993058,WEAK,False
0.04416311042585003,0.2799764282365431,0.19744176700280056,WEAK,False
0.08432689319556985,0.36501094230479986,0.2667715251165694,WEAK,False
0.11204582302526406,0.26186863729602705,0.20943065230126,WEAK,False
0.14828708043201627,0.23147546935394447,0.2023595332312696,WEAK,False
0.035236974493658535,0.2837760208511512,0.19678735462602878,WEAK,False
0.07341351721266087,0.29074346390158634,0.21467798256046244,WEAK,False
0.11464733032386604,0.33309876054498366,0.2566407599675925,WEAK,False
0.05333824869030446,0.47568094793527665,0.32786100319953637,WEAK,False
0.09950143971013908,0.5082927476485742,0.36521578987012193,MODERATE,False
0.04177492195718979,0.5459203649113509,0.3694694598773945,MODERATE,False
0.08028288198869138,0.4260098147865446,0.30500538830729595,WEAK,False
0.0989187722037595,0.4267150879916655,0.3119863774658984,WEAK,False
0.1322747256448965,0.5181660176935722,0.38310406547653575,MODERATE,False
0.03131999360574983,0.46848012627195246,0.31547407983878156,WEAK,False
0.08254402843020758,0.4356693538946727,0.3120754899821099,WEAK,False
0.03369831535774165,0.3787272630438696,0.25796713135372484,WEAK,False
0.07855697254423649,0.4115649891586548,0.2950121833436084,WEAK,False
0.11397928282543046,0.3380323670904761,0.25961378759771014,WEAK,False
0.11352800745185487,0.31927823909166336,0.2472656580177304,WEAK,False
0.030228726104517656,0.4327503049608682,0.29186775236114554,WEAK,False
0.06842154164749392,0.40366352619690055,0.28632883160460826,WEAK,False
0.10671168182266849,0.39362921652455746,0.2932080793788963,WEAK,False
0.11249718643152834,0.40799588372159273,0.30457133967007016,WEAK,False
0.1277839716522286,0.3875453873054312,0.2966288918268103,WEAK,False
0.11682453721364666,0.371008572983782,0.28204416046423464,WEAK,False
0.029089352346149677,0.45869337799209625,0.30833196901601495,WEAK,False
0.06752719961685183,0.428414765957526,0.30210411773829005,WEAK,False
0.14407206850530868,0.37612489143352656,0.2949064034086503,WEAK,False
0.1373406103576426,0.3983569710948258,0.3070012448368117,WEAK,False
0.035236974493658535,0.34365777619453397,0.23571049559922758,WEAK,False
0.07690181930918516,0.30991648324693527,0.22836135086872272,WEAK,False
0.03647321994620761,0.3453898531245244,0.23726903151211354,WEAK,False
0.0774258813572038,0.3758097681994292,0.2713754078046503,WEAK,False
0.11514224223221908,0.37019026056024384,0.2809234541454352,WEAK,False
0.03640736176887249,0.48605491726113714,0.32867827283884454,WEAK,False
0.08239676390096318,0.41580580257296174,0.2991126390377622,WEAK,False
0.03647321994620761,0.35933115130781557,0.2463308753312528,WEAK,False
0.07736693306206716,0.32346285764794974,0.23732928404289083,WEAK,False
0.06144426471600328,0.29907485153999563,0.2159041461515983,WEAK,False
0.07837702039262157,0.37023982776952724,0.26808784518761025,WEAK,False
0.10505104809901017,0.2697721520209462,0.21211976564826857,WEAK,False
0.11031595887315365,0.3846708268195071,0.28864662303828337,WEAK,False
0.04167618222411734,0.4319684870332982,0.29536618035008494,WEAK,False
0.08278913614136818,0.3833575770062011,0.2781586227035096,WEAK,False
0.11138349226809341,0.36752244346147583,0.277873810543792,WEAK,False
0.058517950042443256,0.3739688331580598,0.263561024067594,WEAK,False
0.09950143971013908,0.4464711422096596,0.3250317463348274,WEAK,False
0.12653420520331282,0.40748353196759385,0.3091512676000955,WEAK,False
0.037243644222486105,0.5384429894807667,0.3630232186403685,WEAK,False
0.0774258813572038,0.6090947495099286,0.4230106456564749,MODERATE,False
0.03355029691150385,0.4287828409667993,0.2904514505474459,WEAK,False
0.07799235536548277,0.5374734944923705,0.3766550957979598,MODERATE,False
0.029089352346149677,0.4976328871935025,0.333642649996929,WEAK,False
0.06719190296946392,0.5164449646316785,0.3592063930499034,WEAK,False
0.14148979924887128,0.431923274179718,0.33027155795392166,WEAK,False
0.1373406103576426,0.5059303515618674,0.3769239421403887,MODERATE,False
0.029490947350928,0.4812011636081582,0.3231025879181276,WEAK,False
0.06556051786006722,0.40785696963561524,0.28805321151417346,WEAK,False
0.11514224223221908,0.36331560762467735,0.27645492973731695,WEAK,False
0.10505104809901017,0.3891606962485758,0.28972231939622783,WEAK,False
0.04416311042585003,0.4047206455425629,0.27852550825171335,WEAK,False
0.08432689319556985,0.36888078136018465,0.26928692050256947,WEAK,False
0.11330659598831738,0.4151628193978212,0.30951314120449486,WEAK,False
0.11138349226809341,0.465996252039549,0.3418817861195395,WEAK,False
0.12653420520331282,0.39287901804881337,0.2996583335528882,WEAK,False
0.03355029691150385,0.4608357206356122,0.3112858223321743,WEAK,False
0.07799235536548277,0.47199814139504925,0.334096116284701,WEAK,False
0.14495665853392464,0.39779255132768876,0.3092999888498713,WEAK,False
0.12425503440245828,0.37395003070133226,0.28655678199672635,WEAK,False
0.03355029691150385,0.44601527714078804,0.3016525340605386,WEAK,False
0.10196465554262601,0.4255630706105787,0.31230362533679523,WEAK,False
0.11413989357118176,0.39073420302133766,0.2939261947137831,WEAK,False
0.10497780601986617,0.41167949247248986,0.3043339022140716,WEAK,False
0.11362634633050933,0.3365099054246897,0.2585006597417266,WEAK,False
0.030228726104517656,0.40519142945516257,0.2739544832824369,WEAK,False
0.06808158480431725,0.41783788046755704,0.2954231769854231,WEAK,False
0.031034664421646263,0.32799076011778866,0.22405612662413885,WEAK,False
0.06828274147332458,0.3223409283662751,0.23342056295374242,WEAK,False
0.12966410788336674,0.3233618705515253,0.2555676536176698,WEAK,False
0.08952865222077355,0.3804925488796238,0.2786551850490262,WEAK,False
0.15313207131811796,0.30421529940162334,0.25133616957239646,WEAK,False
0.10424962026432572,0.5477405877294883,0.3925187491166814,MODERATE,False
0.15422605199028072,0.5262748236136535,0.396057753545473,MODERATE,False
0.11580478610807726,0.5184749754380651,0.3775404091725693,MODERATE,False
0.030462298528342646,0.4659622159499779,0.3135372448524056,WEAK,False
0.06845810198608443,0.40172045101880777,0.28507862885735463,WEAK,False
0.043585755781076596,0.4076541004372029,0.2802301798075587,WEAK,False
0.08239676390096318,0.3577845572989312,0.2613988296096424,WEAK,False
0.11124472978084482,0.28423651058630234,0.22368938730439222,WEAK,False
0.1559810443444572,0.33060281198116964,0.2694851933083203,WEAK,False
0.10449780572695916,0.3350843949976641,0.25437908875291737,WEAK,False
0.1080511016963151,0.41259765399084736,0.3060063606877611,WEAK,False
0.10939612340133442,0.3726574670382243,0.2805159967653128,WEAK,False
0.12078813414545919,0.4630213963615077,0.34323975458589073,WEAK,False
0.10143123679968458,0.4264771938218396,0.3127111088640853,WEAK,False
0.13116599579354893,0.3593445975152342,0.27948208691264437,WEAK,False
0.157731297640961,0.442245758450293,0.3426656971670268,WEAK,False
0.12059505332575515,0.436685539517643,0.32605386935048225,WEAK,False
0.11338686492941996,0.31838701436559735,0.24663696206293528,WEAK,False
0.10880382667075267,0.3084445409402002,0.23857029094589355,WEAK,False
0.11722444103613061,0.2545512934159152,0.2064868950829906,WEAK,False
0.11192872847368263,0.22658752084286138,0.1864569435136488,WEAK,False
0.11368780725201183,0.19575250501822705,0.16702986080005172,WEAK,False
0.12192873418358663,0.21575060441835495,0.18291294983618606,WEAK,False
0.12752552645001786,0.2373234625078406,0.19889418488760263,WEAK,False
0.03369831535774165,0.2767243450303268,0.19166523464492197,WEAK,False
0.06857993140469765,0.23950211409628952,0.17967935015423236,WEAK,False
0.030462298528342646,0.22523408051948182,0.15706395682258312,WEAK,False
0.08254402843020758,0.3040479417913456,0.2265215721149473,WEAK,False
0.043585755781076596,0.2936419534078971,0.20612228423850992,WEAK,False
0.08239676390096318,0.3696965200423118,0.26914160539283977,WEAK,False
0.1562814445795535,0.28519511772355616,0.24007533212315524,WEAK,False
0.028099676668776608,0.4460999770826839,0.2997998719378163,WEAK,False
0.06826566102133375,0.4607089658903297,0.3233538091861811,WEAK,False
0.12857810788877017,0.39466135230747984,0.30153221676093145,WEAK,False
0.14714150110949187,0.4353881989331765,0.33450185469488686,WEAK,False
0.14714150110949187,0.4117628700210532,0.3191453909020067,WEAK,False
0.17671074400849224,0.5452094588341561,0.4162349086451737,MODERATE,False
0.12748496055678837,0.4164405359817598,0.3153060845830198,WEAK,False
0.14714150110949187,0.44614071273045136,0.34149098866311556,WEAK,False
0.14714150110949187,0.4435850079743055,0.3398297805716207,WEAK,False
0.17671074400849224,0.38986388871796035,0.3152602880696465,WEAK,False
0.14712082831907752,0.30014841659386937,0.24658876069769226,WEAK,False
0.030462298528342646,0.25453421650297686,0.17610904521185491,WEAK,False
0.06702363614727941,0.17922658446685916,0.13995555255500625,WEAK,False
0.129771352277181,0.21398542373248902,0.1845104987231312,WEAK,False
0.4062442016337264,0.3080270754768966,0.371868207478836,MODERATE,False
0.42008210477817404,2.403204386642594,1.709111587990047,STRONG,False
0.042153243872012636,9.779517355241799,6.371439916262374,STRONG,True
0.08239676390096318,9.450437321784708,6.171623126525398,STRONG,True
0.08812337831073358,9.430637930083156,6.160757836962809,STRONG,True
0.08838741931309241,9.464166100366127,6.1826435619975655,STRONG,True
0.08812337831073358,9.454640582946261,6.176359561323826,STRONG,True
0.02920895024966297,9.459963431662828,6.15919936316822,STRONG,True
0.06796098309991316,9.485142603999224,6.189129036684466,STRONG,True
0.12702465700545934,9.419074025087957,6.166856746259083,STRONG,True
0.09037564905253853,9.316772766320044,6.087533775276417,STRONG,True
0.03647321994620761,7.632588757068077,4.973948319075423,STRONG,True
0.0774258813572038,0.3737888315736105,0.27006179899786814,WEAK,True
0.030462298528342646,0.3057238564265379,0.20938231116216957,WEAK,True
0.06796098309991316,0.215274762374916,0.163714939628665,WEAK,True
0.10915018270294874,0.22290672687473317,0.1830919364146086,WEAK,False
0.39469396345782876,0.3940687036115438,0.39447512251162903,MODERATE,False
0.42008210477817404,3.3084472730380163,2.2975194641470718,STRONG,False
0.03369831535774165,10.311166790593827,6.714052824261197,STRONG,True
0.07859971862620063,10.006261931095745,6.531580156731405,STRONG,True
0.07923403818346081,10.034787811103559,6.550343990581525,STRONG,True
0.07833716413228192,10.111859874960912,6.6001269261708915,STRONG,True
0.08149230843506339,10.226230426939392,6.675572085462877,STRONG,True
0.10412681511374255,10.216637020981635,6.677258448927873,STRONG,True
0.16403514127032598,10.246306908565874,6.717511790012432,STRONG,True
0.12788480770552885,10.198191180097805,6.673583949760508,STRONG,True
0.04167704790595855,10.052005278446595,6.548390397757372,STRONG,True
0.08239676390096318,7.388925921521744,4.831640716354471,STRONG,True
0.11313164088452726,0.2405722256430623,0.19596802097757504,WEAK,True
0.03369831535774165,0.28647696523334626,0.19800443777688465,WEAK,True
0.07007311937747684,0.3130089374344478,0.22798140111450796,WEAK,True
0.10762481803165314,0.3182495051474498,0.24453086465692098,WEAK,False
0.11291112446011425,0.4525421246589614,0.3336712745893649,WEAK,False
0.038218850807754556,0.4794053296960064,0.32499006208511827,WEAK,False
0.08268448001476031,0.480181700729919,0.34105767347961347,WEAK,False
0.10524074012292794,0.38309600915268804,0.285846664992272,WEAK,False
0.12822831720360095,0.45299803384911264,0.33932863302318356,WEAK,False
0.157731297640961,0.4954622088133204,0.3772563899029946,MODERATE,False
0.12059505332575515,0.5127690802495258,0.3755081708262061,MODERATE,False
0.030228726104517656,0.5521833502756611,0.36949923181576094,MODERATE,False
0.06753726932509557,0.4873929651186412,0.34044347159090027,WEAK,False
0.03692071500283167,0.3351637219148797,0.2307786694956629,WEAK,False
0.07927400239735538,0.3706979766432121,0.26869958565716223,WEAK,False
0.11338686492941996,0.2910916891507958,0.22889500067331425,WEAK,False
0.03355029691150385,0.2548915354465325,0.17742210195927247,WEAK,False
0.06760599001167211,0.30777497009561483,0.22371582706623488,WEAK,False
0.10880382667075267,0.27853724914446065,0.21913055127866285,WEAK,False
0.11722444103613061,0.32496380837385513,0.25225502980565156,WEAK,False
0.12752552645001786,0.34089994722430794,0.2662188999533064,WEAK,False
0.15422605199028072,0.4009859286012991,0.31461997178744266,WEAK,False
0.11580478610807726,0.36932157025019186,0.28059069580045176,WEAK,False
0.11124472978084482,0.4034493259224912,0.301177717272915,WEAK,False
0.042282708924193335,0.4052357966570942,0.27820221595057887,WEAK,False
0.08981979949368879,0.36530893817116583,0.2688877396340489,WEAK,False
0.05333824869030446,0.29836400801917945,0.2126049922540732,WEAK,False
0.0998007325293912,0.207587608672594,0.16986220202247304,WEAK,False
0.029103062140412916,0.11382844168365201,0.08417455884351832,WEAK,False
0.06809730309287126,0.26422603841073494,0.19558098104948266,WEAK,False
0.10939612340133442,0.2505537566632002,0.20114858502154717,WEAK,False
0.12078813414545919,0.35341646338799765,0.2719965481531092,WEAK,False
0.13116599579354893,0.34563169264061033,0.27056869874413886,WEAK,False
0.030228726104517656,0.4001672622894749,0.2706887746247399,WEAK,False
0.06808158480431725,0.444195254460239,0.31255547008066636,WEAK,False
0.15837178216538944,0.3594351967187841,0.28906300162509596,WEAK,False
0.14824179840043072,0.3979442134699078,0.31054836819559084,WEAK,False
0.12425503440245828,0.37233969302944586,0.2855100625100002,WEAK,False
0.11413989357118176,0.569485857952882,0.4101147704192869,MODERATE,False
0.030462298528342646,0.5723509523143735,0.38268992348926273,MODERATE,False
0.0774258813572038,0.42416422243944113,0.3028058030606581,WEAK,False
0.10497780601986617,0.40729984513215367,0.30148713144285305,WEAK,False
0.11362634633050933,0.44628188597967033,0.329852447102464,WEAK,False
0.12966410788336674,0.38759406689840203,0.2973185812431397,WEAK,False
0.0985340352320746,0.3991709230293556,0.2939480123003072,WEAK,False
0.15313207131811796,0.37633983853646685,0.29821712001004475,WEAK,False
0.11788104190567894,0.4820181101258246,0.3545701362487736,WEAK,False
0.12788480770552885,0.4363211345292243,0.3283684201409309,WEAK,False
0.11313164088452726,0.47285534202042023,0.3469520466228577,WEAK,False
0.05474694725050011,0.39983595917573256,0.2790548050019012,WEAK,False
0.06753726932509557,0.3184440612919386,0.23062668410354353,WEAK,False
0.04017976523849365,0.24602097215981442,0.17397654973735216,WEAK,False
0.032874418474077294,0.2701414710332808,0.18709800263755955,WEAK,False
0.0998007325293912,0.29560550981576644,0.22707383776553514,WEAK,False
0.10762481803165314,0.30168188977789634,0.2337619146667112,WEAK,False
0.10571420491934036,0.35810508500743643,0.2697682769766028,WEAK,False
0.11291112446011425,0.37976999951781537,0.28636939324761995,WEAK,False
0.12822831720360095,0.43341108836405956,0.32659711845789907,WEAK,False
0.02920895024966297,0.45966435155131874,0.3090049610957393,WEAK,False
0.08164261576725518,0.4614164735894647,0.32849562335169136,WEAK,False
0.04416311042585003,0.4005189308995851,0.27579439373377784,WEAK,False
0.08432689319556985,0.4039328405296079,0.2920707589626946,WEAK,False
0.1373406103576426,0.35647179804315515,0.27977588235322576,WEAK,False
0.032874418474077294,0.3487439150531921,0.23818959125050193,WEAK,False
0.07733422927428107,0.3532762739644767,0.2566965583229082,WEAK,False
0.11514224223221908,0.35480951970575875,0.2709259725900199,WEAK,False
0.10505104809901017,0.32779536618785876,0.24983485485676174,WEAK,False
0.11138349226809341,0.35692499406430106,0.27098546843562843,WEAK,False
0.049327188193495464,0.3828652136219424,0.266126904721986,WEAK,False
0.09442449944836173,0.36364117722274764,0.2694153400017126,WEAK,False
0.12653420520331282,0.33643541521257503,0.2629699917093332,WEAK,False
0.12788480770552885,0.36117335687698493,0.27952236466697533,WEAK,False
0.03369831535774165,0.3779558424744986,0.25746570798363366,WEAK,False
0.07404166283859925,0.4160491314502697,0.2963465174361851,WEAK,False
0.09457271199619877,0.31364168225619865,0.23696754266519868,WEAK,False
0.11313164088452726,0.3257791013203799,0.2513524901678315,WEAK,False
0.028702234701113716,0.4233150078198881,0.2852005372283171,WEAK,False
0.0684939089425865,0.4546043213592606,0.3194656770134247,WEAK,False
0.10762481803165314,0.4389582426807796,0.3229915440535854,WEAK,False
0.11291112446011425,0.4403322357396335,0.32573484679180176,WEAK,False
0.12822831720360095,0.3202279651932342,0.2530280883968626,WEAK,False
0.06047896037610406,0.37869096560873783,0.267316763777316,WEAK,False
0.09950143971013908,0.4358614603037788,0.3181354530960049,WEAK,False
0.08812990220912281,0.30202375127062375,0.22716090409909842,WEAK,False
0.08028288198869138,0.36160416763745246,0.2631417176603861,WEAK,False
0.13891364928865407,0.3490890931465982,0.27552768779631776,WEAK,False
0.11623027740168246,0.4353585651338005,0.3236636644275592,WEAK,False
0.04177492195718979,0.34294933173906456,0.23753828831540838,WEAK,False
0.08254402843020758,0.3505441090923732,0.25674408086061523,WEAK,False
0.04177492195718979,0.36564054233376003,0.2522875752019605,WEAK,False
0.0814064853373665,0.44610089112838014,0.3184578491015254,WEAK,False
0.10716158122340502,0.38181372885781245,0.28568547718576986,WEAK,False
0.03647321994620761,0.30129549746003764,0.20860770033019715,WEAK,False
0.0774258813572038,0.4518129599533063,0.3207774824446704,WEAK,False
0.11330838263915649,0.3697138541843406,0.2799719391435262,WEAK,False
0.030462298528342646,0.38637367030423686,0.2618046901826739,WEAK,False
0.06877279058000729,0.4485311948993095,0.3156157533875537,WEAK,False
0.12468184626036988,0.4515983897379697,0.3371775995208097,WEAK,False
0.13811151277729022,0.48858600070892594,0.3659199299328535,MODERATE,False
0.09334082901485852,0.4771231828464113,0.34279935900536784,WEAK,False
0.13828986924425474,0.49863153944718897,0.37251195487616195,MODERATE,False
0.11683650458193717,0.5315993870296004,0.3864323781729183,MODERATE,False
0.09693066365288294,0.5281773675860014,0.37724102120941,MODERATE,False
0.10752918950815393,0.5082513558608649,0.3679985976374161,MODERATE,False
0.047000709988885725,0.4348063206715866,0.2990743569326413,WEAK,False
0.09003322201320019,0.3918737527789828,0.2862295670109589,WEAK,False
0.11277381917342905,0.3142241602820049,0.24371654089400335,WEAK,False
0.12425401706451422,0.24969895522893423,0.20579322687138724,WEAK,False
0.06786559118429458,0.2814054633513906,0.20666650809290701,WEAK,False
0.029089352346149677,0.29811946503842246,0.203958925596127,WEAK,False
0.13828986924425474,0.4780944486800341,0.3591628458775113,WEAK,False
0.03342930294742852,0.46249708351319146,0.31232336031517444,WEAK,False
0.07637206514275519,0.5040032671919682,0.35433234647474365,WEAK,False
0.11683650458193717,0.5200080734900249,0.3788980243721942,MODERATE,False
0.043150301140431724,0.43639699896901757,0.29876065472901253,WEAK,False
0.08981979949368879,0.46319448627780274,0.33251334590336284,WEAK,False
0.07660631393113498,0.36449578046756914,0.2637344671798172,WEAK,False
0.03355029691150385,0.5024894312013587,0.33836073419990953,WEAK,False
0.10752918950815393,0.6341974452571998,0.4498635557450338,MODERATE,False
0.11277381917342905,0.4910055240974262,0.3586244273740272,WEAK,False
0.14495665853392464,0.48061884607612515,0.36313708043635495,WEAK,False
0.12425503440245828,0.5227140377693171,0.38325338659091657,MODERATE,False
0.11413989357118176,0.5350420979725912,0.38772632643209787,MODERATE,False
0.10043355492052441,0.41036617878752824,0.3018897604340769,WEAK,False
0.10497780601986617,0.4055474216806694,0.30034805619938826,WEAK,False
0.11362634633050933,0.4041816160513275,0.30248727164904116,WEAK,False
0.11633387877394319,0.2888952338995299,0.2284987596055746,WEAK,False
0.15422605199028072,0.2660227927499796,0.226893933484085,WEAK,False
0.11580478610807726,0.23153048812548868,0.1910264924193947,WEAK,False
0.11124472978084482,0.241612627231696,0.1959838631238981,WEAK,False
0.10939612340133442,0.21630954281891981,0.17888984602276492,WEAK,False
0.157731297640961,0.17651720587782818,0.16994213799492466,WEAK,False
0.12059505332575515,0.2006076954937049,0.17260327073492251,WEAK,False
0.23904887486703102,0.21020670004493922,0.2289541136792989,WEAK,False
0.11338686492941996,0.2783031386125848,0.2205824428234771,WEAK,False
0.24581855133821978,0.31622570359648283,0.29158320030609075,WEAK,False
0.10880382667075267,0.3082640939491688,0.23845300040172318,WEAK,False
0.11722444103613061,0.3814233452691839,0.28895372878761527,WEAK,False
0.03932897104354116,0.3728202061180924,0.25609827384199946,WEAK,False
0.08177153572541329,0.40712925233373565,0.2932540515208228,WEAK,False
0.1373406103576426,0.4070054725388713,0.31262277077544126,WEAK,False
0.02817753322518951,0.45470188437566594,0.3054183614729992,WEAK,False
0.06976694525292282,0.4788884971698863,0.3356959539989491,WEAK,False
0.11514224223221908,0.4890789639836586,0.35820111137065475,WEAK,False
0.03441549256641169,0.5103996748377894,0.3438052110428072,WEAK,False
0.06754052600490501,0.5337135091521504,0.3705529650506145,MODERATE,False
0.10505104809901017,0.32413318376865774,0.2474544362842811,WEAK,False
0.09756777032656572,0.4410299349516459,0.3208181773328678,WEAK,False
0.11138349226809341,0.4357343413668689,0.32221154418229747,WEAK,False
0.12788480770552885,0.5514822511576392,0.40322314594940056,MODERATE,False
0.043585755781076596,0.4331198276420867,0.29678290249073314,WEAK,False
0.08239676390096318,0.42478138602762816,0.3049467682832954,WEAK,False
0.11313164088452726,0.36888362161225013,0.27937042835754716,WEAK,False
0.10762481803165314,0.335777592932744,0.25592412171736223,WEAK,False
0.11291112446011425,0.32821294842162885,0.25285731003509876,WEAK,False
0.12788480770552885,0.27459496820292917,0.22324641202883905,WEAK,False
0.029089352346149677,0.29107316039287434,0.1993788275765207,WEAK,False
0.06786559118429458,0.30793535027905705,0.2239109345958902,WEAK,False
0.11313164088452726,0.24291987299931722,0.19749399175914073,WEAK,False
0.10762481803165314,0.27037432567144404,0.21341199799751723,WEAK,False
0.11291112446011425,0.2557253564922912,0.2057403752810293,WEAK,False
0.03488435479985674,0.22944699414819913,0.1613500703762793,WEAK,False
0.06786559118429458,0.22258564959271707,0.1684336291497692,WEAK,False
0.12822831720360095,0.2525213641159834,0.20901879769664955,WEAK,False
0.03640736176887249,0.30723647948215943,0.21244628828250903,WEAK,False
0.07927400239735538,0.3668233739618578,0.26618109391428196,WEAK,False
0.14828708043201627,0.351802742799401,0.28057226097081633,WEAK,False
0.03743476336254309,0.4140994191462808,0.2822667896219726,WEAK,False
0.08210924238611222,0.3629320897199786,0.26464409315312537,WEAK,False
0.14261033431057807,0.3740759128398013,0.2930629603545732,WEAK,False
0.24682623171409007,0.509934547756775,0.41784663714183534,MODERATE,False
0.10358746122341322,0.5938968189324437,0.42228854373428304,MODERATE,False
0.11587924190655746,0.6952767763468374,0.4924876392927394,MODERATE,False
0.11028737320179793,0.6499089364333707,0.4610413893023202,MODERATE,False
0.11344674338109167,0.5666375478852783,0.408020766308813,MODERATE,False
0.12269537649843132,0.5231532277651846,0.38299297982182096,MODERATE,False
0.13696626326433947,0.4104172538082309,0.31470940711786893,WEAK,False
0.15972970864561525,0.3455675888507159,0.2805243307789307,WEAK,False
0.17452500392762865,0.3073513785563192,0.2608621474362775,WEAK,False
0.06144426471600328,0.2527185150244956,0.18577252741652328,WEAK,False
0.06976694525292282,0.26730662241194436,0.19816773540628682,WEAK,False
0.1373406103576426,0.08777111172746024,0.11999128583707878,WEAK,False
0.11514224223221908,0.1010277422140015,0.11020216722584293,WEAK,False
0.23215218362392015,0.18687637003798738,0.21630564886884368,WEAK,False
0.10505104809901017,0.4122691436912042,0.3047428102339363,WEAK,False
0.11138349226809341,0.5386774720038295,0.3891245790963219,MODERATE,False
0.03131999360574983,0.4846130308459579,0.3259604678118851,WEAK,False
0.06947962837783767,0.49535207903509504,0.34629672130505496,WEAK,False
0.12653420520331282,0.4898787421477616,0.36270815421720454,WEAK,False
0.11658351332990513,0.43165089619831126,0.32137731219436916,WEAK,False
0.14148979924887128,0.42114299455035403,0.32326437619483506,WEAK,False
0.13891364928865407,0.5844769971128972,0.4285298253744122,MODERATE,False
0.11623027740168246,0.5665916625720793,0.4089651777624404,MODERATE,False
0.10716158122340502,0.5517615490675493,0.3961515603220988,MODERATE,False
0.11330838263915649,0.33723165116256837,0.2588585071793742,WEAK,False
0.12468184626036988,0.34804997098619506,0.26987112733215624,WEAK,False
0.13811151277729022,0.2810310760232147,0.23100922888714112,WEAK,False
0.1636668065105315,0.21604945779847387,0.19771552984769403,WEAK,False
0.03441549256641169,0.12772667417283715,0.09506776061058823,WEAK,False
0.13558877566076177,0.12535142319123516,0.13200570229642747,WEAK,False
0.1322747256448965,0.10079927511454935,0.121258317959275,WEAK,False
0.11352800745185487,0.09122340669057727,0.10572139718540771,WEAK,False
0.10671168182266849,0.15577484236976957,0.1386027361782842,WEAK,False
0.11249718643152834,0.23915729774984773,0.19482625878843596,WEAK,False
0.10873516026531843,0.28363296598809384,0.22241873398512246,WEAK,False
0.035236974493658535,0.27623756458095894,0.1918873580504038,WEAK,False
0.07690181930918516,0.33357419857364645,0.243738865831085,WEAK,False
0.1277839716522286,0.3717886868023348,0.28638703649979763,WEAK,False
0.14407206850530868,0.27816716793306356,0.23123388313334936,WEAK,False
0.034717532978861265,0.19021684818032866,0.13579208785981506,WEAK,False
0.07837702039262157,0.20824028116928467,0.16278813989745258,WEAK,False
0.13891364928865407,0.2430325080356809,0.2065909074742215,WEAK,False
0.11623027740168246,0.3408955360902568,0.26226269554925574,WEAK,False
0.10716158122340502,0.42960350623810645,0.316748832482961,WEAK,False
0.03932897104354116,0.46025011053250975,0.31292771171137074,WEAK,False
0.08048895833311215,0.4805231614140841,0.34051119033574395,WEAK,False
0.11330838263915649,0.39800665248669614,0.2983622580400573,WEAK,False
0.12468184626036988,0.33052761096915145,0.2584815933210779,WEAK,False
0.030462298528342646,0.40862772517062684,0.2762698258458274,WEAK,False
0.0681456344933502,0.40059959959046104,0.28424071180647226,WEAK,False
0.13811151277729022,0.27746778602076977,0.22869309038555194,WEAK,False
0.15422605199028072,0.3385308384370588,0.27402416318068645,WEAK,False
0.11580478610807726,0.4022885949058467,0.30201926182662736,WEAK,False
0.11124472978084482,0.5328897787550626,0.3853140116140864,MODERATE,False
0.10939612340133442,0.5314984146714433,0.3837626127269052,MODERATE,False
0.09525123424140525,0.46525168503471814,0.3357515272570586,WEAK,False
0.12078813414545919,0.3223652576706785,0.2518132644368517,WEAK,False
0.13116599579354893,0.39385216501598397,0.3019120057881317,WEAK,False
0.13891364928865407,0.29780088686295214,0.24219035371194783,WEAK,False
0.11623027740168246,0.2294153602043155,0.18980058122339394,WEAK,False
0.10716158122340502,0.15913703329538867,0.1409456250701944,WEAK,False
0.11330838263915649,0.13936572596549038,0.1302456558012735,WEAK,False
0.12468184626036988,0.12204857406100662,0.12376020099059275,WEAK,False
0.13811151277729022,0.1182505319736203,0.13116016949600576,WEAK,False
0.1322747256448965,0.1185066260553429,0.12745589078855274,WEAK,False
0.11352800745185487,0.10341368058389787,0.10998799304806993,WEAK,False
0.10671168182266849,0.0589211898704156,0.08998500963937997,WEAK,False
0.11249718643152834,0.06382487687272063,0.09546187808594564,WEAK,False
0.1277839716522286,0.03919983820987135,0.09677952494740356,WEAK,False
0.14407206850530868,0.03187625465452686,0.10480353365753506,WEAK,False
0.13891364928865407,0.036953349481988924,0.10322754435632127,WEAK,False
0.11623027740168246,0.0464387565912334,0.09180324511802529,WEAK,False
0.10716158122340502,0.06353470887388608,0.09189217590107339,WEAK,False
0.02920895024966297,0.06951417967010118,0.055407349372947806,WEAK,False
0.06796098309991316,0.07315801406520904,0.07133905322735548,WEAK,False
0.11330838263915649,0.0672364715918017,0.09718321377258231,WEAK,False
0.12468184626036988,0.12249126802202566,0.12391514387694941,WEAK,False
0.1497943633183133,0.14957288781348113,0.14971684689162204,WEAK,False
0.11644493678957529,0.1915842909618005,0.16528551700152166,WEAK,False
0.10994596446822158,0.32979996551860163,0.2528510651509686,WEAK,False
0.1139773812949314,0.31018340258797467,0.24151129513540953,WEAK,False
0.12203843270959885,0.29053379668216517,0.23156041929176696,WEAK,False
0.10325393084428436,0.29314924571253176,0.22668588550864516,WEAK,False
0.13182454824080336,0.24876701262861742,0.2078371500928825,WEAK,False
0.15422605199028072,0.29331346310321477,0.24463286921368788,WEAK,False
0.11580478610807726,0.16221954671036456,0.14597438049956402,WEAK,False
0.11124472978084482,0.17176951051350087,0.15058583725707125,WEAK,False
0.10939612340133442,0.14854877456796084,0.1348453466596416,WEAK,False
0.12078813414545919,0.13400808682703758,0.12938110338848513,WEAK,False
0.11552779080333725,0.1269805412056313,0.12297207856482838,WEAK,False
0.13116599579354893,0.19023190650091334,0.1695588377533358,WEAK,False
0.14261033431057807,0.26245446132138345,0.22050901686760155,WEAK,False
0.11587924190655746,0.2274058167160368,0.18837151553271902,WEAK,False
0.11028737320179793,0.19090007419550875,0.16268562884770996,WEAK,False
0.11344674338109167,0.15890320493311919,0.14299344338990955,WEAK,False
0.12269537649843132,0.14774883652353868,0.1389801255147511,WEAK,False
0.09999974391186223,0.14917342912603526,0.1319626393010747,WEAK,False
0.13696626326433947,0.17052491943472328,0.15877938977508896,WEAK,False
0.1322747256448965,0.2547094567619225,0.2118573008709634,WEAK,False
0.2008498608379547,0.22469940405620914,0.2163520639298201,WEAK,False
0.22373953984162992,0.28638452709108525,0.2644587815537759,WEAK,False
0.11352800745185487,0.30515601819061416,0.23808621443204842,WEAK,False
0.10671168182266849,0.33915982819729973,0.2578029769661788,WEAK,False
0.11249718643152834,0.34522876899466254,0.26377271509756556,WEAK,False
0.1277839716522286,0.38866209227324544,0.2973547500558895,WEAK,False
0.14495665853392464,0.456721770253,0.3476039811513236,WEAK,False
0.12425503440245828,0.45646554684881924,0.3401918674925929,WEAK,False
0.11413989357118176,0.3958387355939063,0.29724414088595275,WEAK,False
0.10497780601986617,0.3689758409089099,0.27657652869774463,WEAK,False
0.11362634633050933,0.36299333852958104,0.27571489125990595,WEAK,False
0.12966410788336674,0.2461600416250466,0.20538646481545864,WEAK,False
0.14261033431057807,0.096797908334099,0.1265759852188104,WEAK,False
0.11587924190655746,0.1060135376672198,0.11242624542278928,WEAK,False
0.1373406103576426,0.12054897978176896,0.13146353965608684,WEAK,False
0.09675231088715813,0.1231452789726115,0.11390774014270283,WEAK,False
0.11514224223221908,0.11391354675237564,0.11471219881427389,WEAK,False
0.10505104809901017,0.11829307814643632,0.11365836762983716,WEAK,False
0.03309174372473689,0.10653515164192986,0.08082995887091232,WEAK,False
0.07733422927428107,0.13328784483929595,0.11370407939154076,WEAK,False
0.11138349226809341,0.15133863115173277,0.137354332542459,WEAK,False
0.10430291206107156,0.21029051437879237,0.17319485356759007,WEAK,False
0.029466567033597735,0.21506187711031913,0.15010351858346666,WEAK,False
0.06608262733783116,0.30211968781775406,0.21950671664978105,WEAK,False
0.09971358429832933,0.3747869552232229,0.27851127539951015,WEAK,False
0.12653420520331282,0.39185427974052894,0.2989922536525033,WEAK,False
0.02920895024966297,0.4072949861474626,0.2749648735832328,WEAK,False
0.06844625978268232,0.5026550160878062,0.3506819513810128,WEAK,False
0.11998179650098317,0.505255694050648,0.3704098299082653,MODERATE,False
0.029089352346149677,0.5537748131928274,0.3701349018964902,MODERATE,False
0.06753248888706587,0.5381519022898326,0.3734351075988642,MODERATE,False
0.047000709988885725,0.5598173809119414,0.38033154608887193,MODERATE,False
0.08288329048482357,0.4224655116435132,0.30361173423797183,WEAK,False
0.03369831535774165,0.4055002824106979,0.2753695939421632,WEAK,False
0.14148979924887128,0.45557796992758254,0.3456471101900336,WEAK,False
0.029103062140412916,0.4787083229581268,0.321346481671927,WEAK,False
0.08239676390096318,0.5183611977884913,0.36577364592785644,MODERATE,False
0.10007434546727184,0.48721709490092713,0.3517171325991478,WEAK,False
0.16720219852605517,0.532565127643836,0.4046881024526128,MODERATE,False
0.1497943633183133,0.4302254133414314,0.33207454583334006,WEAK,False
0.058517950042443256,0.38992185196795814,0.27393048629402794,WEAK,False
0.09950143971013908,0.49521299572323657,0.35671395111865245,WEAK,False
0.11644493678957529,0.4288367739024221,0.3194996309129257,WEAK,False
0.10994596446822158,0.4179143918518613,0.3101254422675874,WEAK,False
0.11583528861176029,0.4292711211716624,0.31956857977569664,WEAK,False
0.1139773812949314,0.4387077217993401,0.32505210262279705,WEAK,False
0.09815361269438799,0.47572187847889874,0.34357298545431997,WEAK,False
0.12203843270959885,0.4539574020052107,0.33778576275174654,WEAK,False
0.03647321994620761,0.4572623705160093,0.30998616781657873,WEAK,False
0.07685887700320143,0.44490838084243944,0.31609105449870617,WEAK,False
0.06144426471600328,0.40262132771593045,0.28320935566595595,WEAK,False
0.10226561550392055,0.3252150783923972,0.24718276638143039,WEAK,False
0.13182454824080336,0.22633302646192807,0.19325505908453444,WEAK,False
0.06144426471600328,0.377351681744073,0.2667840857842486,WEAK,False
0.10196465554262601,0.4104245749243444,0.302463603140743,WEAK,False
0.15803287437847796,0.39096337184502467,0.3094376977317333,WEAK,False
0.17452500392762865,0.4824524033780453,0.3746778135703995,MODERATE,False
0.030462298528342646,0.46860845481976776,0.315257300117769,WEAK,False
0.06801176930671893,0.5727663205555469,0.39610222761845715,MODERATE,False
0.1373406103576426,0.48635682930841967,0.36420115267564773,WEAK,False
0.11514224223221908,0.5664225849118423,0.40847446497397416,MODERATE,False
0.05333824869030446,0.5371886422225378,0.3678410044862562,MODERATE,False
0.1355513440665308,0.5404078365813052,0.39870806420113414,MODERATE,False
0.10505104809901017,0.5085919094864085,0.3673526080008191,MODERATE,False
0.1119595788966482,0.4648563651062129,0.3413424899328653,WEAK,False
0.11138349226809341,0.3869245413949036,0.29048517420052006,WEAK,False
0.037243644222486105,0.5468817725712558,0.36850842764918645,MODERATE,False
0.06719190296946392,0.45916222573301513,0.3219726127657722,WEAK,False
0.12653420520331282,0.41232419650274693,0.312297699547945,WEAK,False
0.03932897104354116,0.3379490149735717,0.23343199959806105,WEAK,False
0.07923419180746993,0.4198326733620586,0.30062320481795257,WEAK,False
0.14148979924887128,0.4100487497396329,0.3160531170678663,WEAK,False
0.16720219852605517,0.44090037797458276,0.34510601516759815,WEAK,False
0.18391370173494465,0.42562445171354873,0.3410256892210373,WEAK,False
0.1373406103576426,0.4919656267014249,0.36784687098110114,MODERATE,False
0.11514224223221908,0.47010203383621185,0.3458661067748144,WEAK,False
0.03932897104354116,0.46409645683343725,0.3154278368069736,WEAK,False
0.09436316609434425,0.458037259009617,0.3307513264892715,WEAK,False
0.10505104809901017,0.4131558750104591,0.305319185591452,WEAK,False
0.08888793862536576,0.31040953355461565,0.23287697532937818,WEAK,False
0.11138349226809341,0.2232072588809304,0.18406894056643747,WEAK,False
0.12653420520331282,0.45421874560365755,0.3395291564635369,WEAK,False
0.14148979924887128,0.4066384750079936,0.3138364384923008,WEAK,False
0.058517950042443256,0.37006232213783813,0.2610217919044499,WEAK,False
0.09950143971013908,0.38514359000164367,0.28516883739961707,WEAK,False
0.16720219852605517,0.3697746026005369,0.2988742611744683,WEAK,False
0.11082147262457626,0.40535235884216486,0.3022665486660089,WEAK,False
0.1373406103576426,0.3606254253413921,0.28247574009707976,WEAK,False
0.11514224223221908,0.5694544499949263,0.4104451772779788,MODERATE,False
0.10505104809901017,0.5506805021754122,0.3947101932486715,MODERATE,False
0.11138349226809341,0.3746623612494721,0.2825147571059896,WEAK,False
0.12653420520331282,0.35567977888709573,0.2754788280977717,WEAK,False
0.14148979924887128,0.36425316673905117,0.28628598811748823,WEAK,False
0.08881668218648109,0.29277026370616105,0.22138651017427308,WEAK,False
0.16720219852605517,0.258307454845015,0.22642061513337905,WEAK,False
0.13828986924425474,0.28180232563844815,0.23157296590048043,WEAK,False
0.11683650458193717,0.2076904812483636,0.17589158941511435,WEAK,False
0.10752918950815393,0.17408310433930005,0.1507892341483989,WEAK,False
0.102668039288356,0.17190789561157796,0.1476739458984503,WEAK,False
0.09977175330609406,0.19827842071533433,0.16380108712210023,WEAK,False
0.11277381917342905,0.22079464416997102,0.18298735542118133,WEAK,False
0.11357797265308661,0.3363034541044296,0.25834953559645957,WEAK,False
0.12425401706451422,0.33679581912958634,0.26240618840681107,WEAK,False
0.13794087134607602,0.3677969037752235,0.2873472924250219,WEAK,False
0.16191717288067636,0.28355963956613234,0.24098477622622275,WEAK,False
0.03640736176887249,0.25449622147081774,0.17816512057513692,WEAK,False
0.08028288198869138,0.3102385745384929,0.22975408214606238,WEAK,False
0.03355029691150385,0.3102144543275817,0.21338199923195447,WEAK,False
0.121160188235574,0.3122949665860528,0.24539779416338525,WEAK,False
0.11159394254492044,0.4133200210281965,0.3077158935590498,WEAK,False
0.12152026034588864,0.5069720390636032,0.37206391651240317,MODERATE,False
0.12142546279694272,0.42317534833603826,0.31756288839735486,WEAK,False
0.13891364928865407,0.35820385611071465,0.28145228372299347,WEAK,False
0.11623027740168246,0.4085730940925163,0.30625310825072444,WEAK,False
0.10716158122340502,0.406543416626319,0.3017597742352991,WEAK,False
0.10524074012292794,0.3498928161064508,0.2642645895122178,WEAK,False
0.11330838263915649,0.31672874957005015,0.24553162114423738,WEAK,False
0.12468184626036988,0.3146516256190555,0.24816220284351553,WEAK,False
0.11226563376971932,0.23215274575497505,0.19019225656013553,WEAK,False
0.13811151277729022,0.2877070861506165,0.23534863546995233,WEAK,False
0.1497943633183133,0.3769615577768948,0.29745303971639125,WEAK,False
0.11358727166821547,0.3548710905674987,0.2704217539527496,WEAK,False
0.10112388687687002,0.28505461370085033,0.22067885931245723,WEAK,False
0.11303284559483667,0.32871997394490915,0.2532294790223838,WEAK,False
0.15468821212734463,0.3220990151800937,0.2635052341116315,WEAK,False
0.10912245894770733,0.3743272947519018,0.28150560222043375,WEAK,False
0.10233656359561188,0.3316825378997004,0.25141144689326944,WEAK,False
0.1271987161269515,0.34538718108937283,0.26902121835252535,WEAK,False
0.09422079313249737,0.31115440530101574,0.2352276410420343,WEAK,False
0.10869051102042143,0.25360618555000114,0.20288569946464824,WEAK,False
0.2228870428013336,0.23569648850632272,0.2312131825095765,WEAK,False
0.28431591921358984,0.24081668272732637,0.26909118644339763,WEAK,False
0.0978666378612843,0.24349347939108687,0.19252408485565597,WEAK,False
0.2228870428013336,0.3075752843703911,0.277934399821221,WEAK,False
0.300886515856676,0.30038264364847905,0.30071016058380706,WEAK,False
0.1620222148237605,0.27759508226627383,0.23714457866139416,WEAK,False
0.1170005078598852,0.35923691137094166,0.2744541701420719,WEAK,False
0.11777115248893533,0.37414933062030664,0.28441696827432666,WEAK,False
0.10825549455101707,0.4173017914290625,0.3091355875217466,WEAK,False
0.1135712224557826,0.439398039915746,0.3253586538047588,WEAK,False
0.1262731740481844,0.4357658826703714,0.32744343465260595,WEAK,False
0.12104389385330855,0.3701049229270967,0.28293356275127085,WEAK,False
0.13771889076970567,0.3461671132045205,0.2732102353523353,WEAK,False
0.1437766482995202,0.3921299163768693,0.3052062725497971,WEAK,False
0.154660271384581,0.38302184586540966,0.30309529479711966,WEAK,False
0.0952515949600043,0.3271804884318973,0.24600537571673475,WEAK,False
0.16395867215611254,0.3689349341923572,0.29719324247967155,WEAK,False
0.13891364928865407,0.31938157310831244,0.256217799771432,WEAK,False
0.11623027740168246,0.3163216086752388,0.24628964272949408,WEAK,False
0.10716158122340502,0.363228173886577,0.2736048664544668,WEAK,False
0.11330838263915649,0.37329636553601403,0.2823005715221139,WEAK,False
0.12468184626036988,0.3215141022533681,0.2526228126558187,WEAK,False
0.22264946670307723,0.26845694747101817,0.25242432920223884,WEAK,False
0.13811151277729022,0.36303580631416826,0.28431230357626097,WEAK,False
0.1636668065105315,0.35642914761304284,0.2889623282271639,WEAK,False
0.19632628902442834,0.27741514802831774,0.24903404737695645,WEAK,False
0.18116781466138626,0.33895749347366094,0.2837311058893648,WEAK,False
0.09950390738019133,0.39665950927785854,0.29265504861367503,WEAK,False
0.10930336823834363,0.42898150126423135,0.31709415470517066,WEAK,False
0.2228870428013336,0.43985982378640803,0.363919350441632,WEAK,False
0.10093756368354712,0.5585812615985638,0.39840596732830796,MODERATE,False
0.112238096637017,0.5720424557851431,0.411110930083299,MODERATE,False
0.09747195492934846,0.5725810391753144,0.40629285968922635,MODERATE,False
0.12047720871016349,0.44935327684049076,0.3342466529948762,WEAK,False
0.08986601009249057,0.4393889318871604,0.31705590925902594,WEAK,False
0.11124430284268888,0.4156830682387455,0.3091295003501257,WEAK,False
0.10250695166515311,0.32346357677119436,0.24612875798407993,WEAK,False
0.10604747354704491,0.23475018825886115,0.18970423810972548,WEAK,False
0.04177492195718979,0.2197420789094622,0.15745357397616686,WEAK,False
0.08028288198869138,0.21908316931217142,0.1705030687489534,WEAK,False
0.10442923845761037,0.11944697904192958,0.11419076983741785,WEAK,False
0.1407021041445693,0.1397293068005918,0.14036162507417718,WEAK,False
0.10797608648565454,0.20123552014539806,0.16859471836448783,WEAK,False
0.40319411231720753,0.2577474924983388,0.3522877953806035,WEAK,False
0.4157657995581255,2.3245678738037654,1.6564871478177916,STRONG,False
0.15648494686549613,7.530776785683325,4.9497746420970845,STRONG,True
0.3040988647025025,7.145529914503133,4.751029047072912,STRONG,True
0.09692344174596818,7.2564879548647,4.750640375273144,STRONG,True
0.16299313704104884,7.414291525934589,4.87633708982185,STRONG,True
0.0795240108882766,7.384431823199405,4.82771408889051,STRONG,True
0.11242255567197951,7.345969332715954,4.8142279607505625,STRONG,True
0.10143349318157507,7.410861089140806,4.852561430555076,STRONG,True
0.1002614311149902,7.500634238178442,4.910503755706234,STRONG,True
0.1002614311149902,7.3833914261515,4.834295927888721,STRONG,True
0.11325932868447114,5.791747147237179,3.8042764107437312,STRONG,True
0.11325932868447114,0.4417589128328304,0.32678405838090463,WEAK,True
0.11471796950820634,0.3688070423762352,0.2798758668724251,WEAK,True
0.03664827242187624,0.2508298425266597,0.1758662929899855,WEAK,True
0.08239676390096318,0.19832841313909963,0.15775233590575188,WEAK,False
0.03664827242187624,0.18167150473866278,0.1309133734277875,WEAK,False
0.0802813596436755,0.17510007891687812,0.1419135271712572,WEAK,False
0.12681050410647604,0.10997347666723964,0.12091754450274331,WEAK,False
0.030299371375394735,0.21246105872683713,0.1487044681538323,WEAK,False
0.06709946376048809,0.22952126828328,0.17267363670030283,WEAK,False
0.11009855400781754,0.23316804126388654,0.1900937207242624,WEAK,False
0.047000709988885725,0.2704604413362378,0.1922495353646646,WEAK,False
0.08676759087673375,0.34662943926584544,0.2556777923296564,WEAK,False
0.029089352346149677,0.3046446415912043,0.2082002903554352,WEAK,False
0.06719190296946392,0.2764954401303639,0.20323920212404892,WEAK,False
0.030052988363587663,0.2645632070673922,0.18248463052106062,WEAK,False
0.06760599001167211,0.2555528514888614,0.18977144997184517,WEAK,False
0.03369831535774165,0.23886474025045545,0.1670564915380056,WEAK,False
0.0725152310510137,0.302131503252516,0.2217658079819902,WEAK,False
0.10389307086491023,0.26829369697776473,0.21075347783826565,WEAK,False
0.11923143379136841,0.33138505573689475,0.2571312880559605,WEAK,False
0.09810509296104158,0.3207703303538409,0.24283749726636114,WEAK,False
0.06144426471600328,0.3225029082407161,0.23113238300706662,WEAK,False
0.07636008847700876,0.3586943657076729,0.25987736867694045,WEAK,False
0.030462298528342646,0.3315076782359854,0.22614179533831047,WEAK,False
0.06801176930671893,0.321848698927074,0.23300577355994975,WEAK,False
0.03131999360574983,0.18654535004628764,0.1322164752920994,WEAK,False
0.11991718752545077,0.2920606036950528,0.2318104080356921,WEAK,False
0.07927400239735538,0.41633262402314397,0.2983621064541179,WEAK,False
0.12092189519835916,0.4625687664245035,0.342992361495353,WEAK,False
0.03437881764615208,0.37308597723283937,0.25453847137749885,WEAK,False
0.08239676390096318,0.444780689840479,0.31794631576164845,WEAK,False
0.11482244804457109,0.46041671468643397,0.33945872136178196,WEAK,False
0.10430291206107156,0.3304967127227015,0.251328882491131,WEAK,False
0.03267500189352962,0.35756613998371295,0.2438542416521488,WEAK,False
0.0694013444942051,0.3673157953587681,0.26304573755617106,WEAK,False
0.03369831535774165,0.3818216297547567,0.25997846971580146,WEAK,False
0.07248103613219209,0.3996677319676503,0.28515238842523993,WEAK,False
0.05474694725050011,0.3520811978780654,0.24801421015841757,WEAK,False
0.09950143971013908,0.3846469956789464,0.2848460510898638,WEAK,False
0.11748487449446349,0.2665666312084621,0.21438801635856258,WEAK,False
0.11000955400188733,0.36884872160959353,0.27825501294689636,WEAK,False
0.037852832367472,0.36343896878330273,0.24948382103776198,WEAK,False
0.1377266426597622,0.37575239521388965,0.29244338181994506,WEAK,False
0.029089352346149677,0.3642095743631445,0.2469174966571963,WEAK,False
0.08278913614136818,0.33921153417207844,0.24946369486132985,WEAK,False
0.10641469562348405,0.34592916740991786,0.26209910228466604,WEAK,False
0.09566781770852434,0.2872129046154439,0.22017212419802207,WEAK,False
0.09531474462136358,0.3710879119052054,0.27456730335586077,WEAK,False
0.2228870428013336,0.3514665073193389,0.3064636947380371,WEAK,False
0.032874418474077294,0.3959079050543906,0.26884618475128097,WEAK,False
0.07404166283859925,0.38287782687205135,0.27478516946034315,WEAK,False
0.12044268414880444,0.3398063196985722,0.2630290472561535,WEAK,False
0.03743476336254309,0.2782267589225637,0.1939495604765565,WEAK,False
0.08210924238611222,0.3111065446743475,0.23095748887346515,WEAK,False
0.10858124595181651,0.2865283890323125,0.22424688895413888,WEAK,False
0.1502495460468275,0.276265329233935,0.2321598051184474,WEAK,False
0.1438480839637195,0.36717421888514823,0.2890100716626482,WEAK,False
0.10216787467840649,0.44144920242651714,0.32270073771467844,WEAK,False
0.0998370863918448,0.44772927508400145,0.3259670090417466,WEAK,False
0.10646064892539175,0.381087779457979,0.28496828377157346,WEAK,False
0.0354548151390463,0.364139319037556,0.2490997426730776,WEAK,False
0.07251148433481924,0.27706540231281757,0.20547153102051816,WEAK,False
0.034717532978861265,0.22909653545542388,0.16106388458862697,WEAK,False
0.07852287753784282,0.15825526752274796,0.13034893102803116,WEAK,False
0.03488435479985674,0.14476393342099567,0.10630608090359704,WEAK,False
0.07690181930918516,0.2032475831343793,0.15902656579556135,WEAK,False
0.10449780572695916,0.138578916218721,0.12665052754660436,WEAK,False
0.11482244804457109,0.2800958846667037,0.2222501818489573,WEAK,False
0.03510706437428146,0.29571554910109904,0.2045025794467129,WEAK,False
0.15164667991000425,0.32735994541449953,0.2658603024879262,WEAK,False
0.12857678490318514,0.3221670805464435,0.25441047707130304,WEAK,False
0.028099676668776608,0.30165000492368543,0.20590739003446734,WEAK,False
0.13656238369350654,0.3572602099052514,0.2800159707311407,WEAK,False
0.040409740922266346,0.25614413392721547,0.18063709637548328,WEAK,False
0.14295200685670484,0.34063185510390415,0.2714439082173844,WEAK,False
0.031034664421646263,0.3463151257273934,0.23596696427038194,WEAK,False
0.06702363614727941,0.34722780680653265,0.249156347075794,WEAK,False
0.03932897104354116,0.31695961575075143,0.21978889010322786,WEAK,False
0.0675641158019315,0.32845979334119974,0.23714630620245586,WEAK,False
0.0354548151390463,0.3089959723649588,0.21325656733588944,WEAK,False
0.06736021852656543,0.3020816279630247,0.21992913466026395,WEAK,False
0.05474694725050011,0.23557548838741732,0.1722854989894963,WEAK,False
0.0998007325293912,0.2220054318008789,0.17923378705585818,WEAK,False
0.1114837814332778,0.2531991873081899,0.20359879525197067,WEAK,False
0.030462298528342646,0.2570893747522877,0.17776989807390695,WEAK,False
0.0904054778996719,0.31769589418322314,0.23814424848398022,WEAK,False
0.1568170290529925,0.31359342148091457,0.2587216841311418,WEAK,False
0.09597199825031816,0.32605462109225586,0.24552570309757765,WEAK,False
0.10268605330676112,0.31853948703233775,0.24299078522838596,WEAK,False
0.03355029691150385,0.38987348212335515,0.2651603672992072,WEAK,False
0.07883894873378805,0.3700002137966066,0.2680937710246201,WEAK,False
0.049327188193495464,0.3734425409795194,0.260002167504411,WEAK,False
0.09442449944836173,0.29834733829745613,0.2269743447002731,WEAK,False
0.15501822444483976,0.27492086010485434,0.23295493762384922,WEAK,False
0.10037341193426391,0.29502924813932685,0.22689970546755484,WEAK,False
0.11263047689990902,0.31622033290331036,0.2449638833021199,WEAK,False
0.10416327369649464,0.3684125316701102,0.27592529137934474,WEAK,False
0.03355029691150385,0.3500889534975532,0.23930042369243593,WEAK,False
0.07883894873378805,0.342964287155558,0.2505204187079385,WEAK,False
0.028099676668776608,0.30269437928782444,0.20658623337115772,WEAK,False
0.07014813575673723,0.24083987324707523,0.18109776512545694,WEAK,False
0.051459614746120486,0.21498802735000513,0.1577530829386455,WEAK,False
0.08239676390096318,0.19712061226146804,0.15696726533529134,WEAK,False
0.2228870428013336,0.20666507965222453,0.2172093556991454,WEAK,False
0.28431591921358984,0.3094576824452983,0.30065806531420036,WEAK,False
0.03369831535774165,0.35651499266011827,0.24352915560428645,WEAK,False
0.0675641158019315,0.47186860106170975,0.3303620312207874,WEAK,False
0.14838479246803638,0.45420908259766113,0.3471705810522925,WEAK,False
0.03441549256641169,0.42215552576607496,0.2864465141461928,WEAK,False
0.06845810198608443,0.4313210812345182,0.30431903849756636,WEAK,False
0.27251435350338765,0.37078032117863713,0.33638723249229985,WEAK,False
0.029756684781436116,0.4554786187967755,0.3064759418914067,WEAK,False
0.06944282345472408,0.45546216455972127,0.3203553951729723,WEAK,False
0.029466567033597735,0.41348453530437235,0.27907824640960127,WEAK,False
0.06677195946956138,0.38252115796102865,0.2720089384890151,WEAK,False
0.049062033533606275,0.3075363099144239,0.2170703131811377,WEAK,False
0.0904054778996719,0.3186560196355226,0.23876833002797485,WEAK,False
0.10554391738823082,0.3066841356371641,0.23628505925003745,WEAK,False
0.030462298528342646,0.3904783847977685,0.2644727546034695,WEAK,False
0.06726949839603819,0.41803617023705364,0.29526783509269827,WEAK,False
0.11242594920230853,0.37428713757857085,0.28263572164687906,WEAK,False
0.042282708924193335,0.3727955960479612,0.25711608555464244,WEAK,False
0.08981979949368879,0.4174619464329625,0.3027871950042167,WEAK,False
0.11032924577456865,0.47218093270012185,0.3455328422761782,WEAK,False
0.40371483469897457,0.40043710790776765,0.4025676303220522,MODERATE,False
0.07408291977768311,2.6092353796257903,1.7219320186789528,STRONG,False
0.030052988363587663,2.352260532990166,1.5394878923708637,STRONG,True
0.06760599001167211,2.3005693014414614,1.5190321424410351,STRONG,True
0.08419735329598405,2.342652987972911,1.5521935158359867,STRONG,True
0.12408449164677954,2.311476930560618,1.5458895769407748,STRONG,True
0.047000709988885725,2.3796759095592024,1.5632395897095916,STRONG,True
0.08676759087673375,2.369955228829608,1.5708395555461023,STRONG,True
0.10915018270294874,2.310988111394095,1.5403448363521939,STRONG,True
0.39469396345782876,2.194878944987231,1.5648142014519402,STRONG,True
0.03664827242187624,5.301713806106773,3.458940869317059,STRONG,True
0.08003769654406229,3.1141985010256796,2.052242219457114,STRONG,True
0.12043849223287922,3.1653925233459836,2.099658612456397,STRONG,True
0.12028938154404545,3.175517201613931,2.106187464589471,STRONG,True
0.08847083051766758,3.163681390660908,2.087357694610774,STRONG,True
0.08931929406761879,3.1616752073176166,2.0863506376801175,STRONG,True
0.1277435697127538,3.1058368079037137,2.063504174536878,STRONG,True
0.08769515622606938,3.088859068361504,2.038451699114102,STRONG,True
0.08684988235367003,3.0343435877256684,2.0027207908454687,STRONG,True
0.08684988235367003,2.9454868350440293,1.9449639016024036,STRONG,True
0.042153243872012636,0.2136184245174637,0.15360561129155584,WEAK,True
0.08210924238611222,0.1325800064521106,0.11491523902901117,WEAK,True
0.03441549256641169,0.08356499917449756,0.0663626718616675,WEAK,True
0.0725152310510137,0.10353331358520025,0.09267698469823496,WEAK,False
0.03135131262201707,0.10137141644111547,0.07686438010443103,WEAK,False
0.06854652370808645,0.20826422806650424,0.15936303154105802,WEAK,False
0.029490947350928,0.19674215465044478,0.13820423209561392,WEAK,False
0.06556051786006722,0.22211323006398384,0.16731978079261303,WEAK,False
0.046550979267656334,0.21610282005824213,0.1567596757815371,WEAK,False
0.08618683183077924,0.3456897723424058,0.2548637431633365,WEAK,False
0.02817753322518951,0.2524039856887335,0.1739247273264931,WEAK,False
0.06976694525292282,0.23108881105437748,0.17462615802386836,WEAK,False
0.029466567033597735,0.2695787586152149,0.18553949156164892,WEAK,False
0.06677195946956138,0.21435909760596222,0.16270359925822192,WEAK,False
0.09651209281710549,0.24228420529599118,0.19126396592838119,WEAK,False
0.06473277551700002,0.2547285202804532,0.18823000961324457,WEAK,False
0.06709946376048809,0.2970011601089082,0.21653556638696117,WEAK,False
0.15409405316414881,0.2790245694231233,0.23529888873248225,WEAK,False
0.05333824869030446,0.30165185837994757,0.2147420949885725,WEAK,False
0.08239676390096318,0.3054258860167976,0.22736569327625555,WEAK,False
0.029756684781436116,0.3447670051176574,0.23451339299997997,WEAK,False
0.0655179140365067,0.34477337911976036,0.24703396634062158,WEAK,False
0.032874418474077294,0.3233474190595775,0.2216818688546524,WEAK,False
0.07855697254423649,0.33300065411074403,0.2439453655624664,WEAK,False
0.049062033533606275,0.32858207183474697,0.23075005842934773,WEAK,False
0.0904054778996719,0.3597261853557557,0.26546393774612637,WEAK,False
0.0979935708851048,0.3363758276455746,0.2529420377794102,WEAK,False
0.10912245894770733,0.37943164837720766,0.28482343207688254,WEAK,False
0.039273546674612025,0.35186579846932114,0.24245851034117294,WEAK,False
0.0774258813572038,0.3427793644546157,0.24990564537052157,WEAK,False
0.12044268414880444,0.38083529336792055,0.28969788014122994,WEAK,False
0.034717532978861265,0.3582271103497889,0.24499875826996423,WEAK,False
0.07837702039262157,0.3738651295789461,0.2704442913637325,WEAK,False
0.15647872079839076,0.28150611650478785,0.23774652800754886,WEAK,False
0.11560451817351775,0.3572403042030781,0.272667779092732,WEAK,False
0.16635461871807827,0.41149800544976217,0.32569782009367276,WEAK,False
0.030299371375394735,0.4766555682837104,0.32043089936579994,WEAK,False
0.06709946376048809,0.4255849139603689,0.3001150063904106,WEAK,False
0.2420957491431443,0.38857702318781506,0.3373085772721803,WEAK,False
0.2508227825414087,0.46538562765829017,0.39028863186738166,MODERATE,False
0.0974522824729242,0.5105916386863268,0.36599286401163594,MODERATE,False
0.25518126934987456,0.5777969954950397,0.4648814913442319,MODERATE,False
0.04539737039955233,0.6530266594844152,0.4403564083047132,MODERATE,False
0.08952725735317435,0.5638842779893228,0.3978593207666709,MODERATE,False
0.03932897104354116,0.5532359888014662,0.37336853258619246,MODERATE,False
0.0655179140365067,0.5602178704970133,0.387072885735836,MODERATE,False
0.08028288198869138,0.5013450069322972,0.3539732632020352,WEAK,False
0.03932897104354116,0.6095863123227231,0.40999624287500946,MODERATE,False
0.22231034454980886,0.7037948566499947,0.5352752774149296,MODERATE,False
0.029466567033597735,0.7569568021022629,0.50233521982823,MODERATE,False
0.06608262733783116,0.6337886615974586,0.435091549606589,MODERATE,False
0.030462298528342646,0.6501100296266067,0.4332333237422143,MODERATE,False
0.06846031403685315,0.4313938791246086,0.3043671313438942,WEAK,False
0.09366821006120496,0.3737891994036149,0.2757468531337714,WEAK,False
0.04167704790595855,0.47643588915209767,0.324270294715949,WEAK,False
0.06760599001167211,0.45046217383455717,0.3164625094965474,WEAK,False
0.036452556843796,0.3817173310845786,0.26087466010030474,WEAK,False
0.06760599001167211,0.3471504834137266,0.24930991072300754,WEAK,False
0.10580278938349436,0.37721978155782127,0.28222383429680686,WEAK,False
0.207149826010328,0.3437328913506115,0.2959288184815123,WEAK,False
0.25579990270299974,0.32044651407715374,0.29782020009619986,WEAK,False
0.042153243872012636,0.429726842581598,0.2940760830332431,WEAK,False
0.07690181930918516,0.46038893447766654,0.32616844416869806,WEAK,False
0.1147381935057799,0.44117647958054323,0.3269230794543761,WEAK,False
0.10249868738942974,0.4333654809665232,0.31756210321454054,WEAK,False
0.10327191984760187,0.43395638743656284,0.31821682378042654,WEAK,False
0.03441549256641169,0.4698579318991272,0.31745307813267676,WEAK,False
0.06754052600490501,0.4024018948504393,0.2852004157545023,WEAK,False
0.0403386624829839,0.38857427700304226,0.26669181192102187,WEAK,False
0.08028288198869138,0.3947709137833351,0.28470010265520984,WEAK,False
0.14838479246803638,0.3742990288589837,0.2952290461221521,WEAK,False
0.043150301140431724,0.41218163910158995,0.28302067081518456,WEAK,False
0.1387027956957903,0.325422821808238,0.2600708126688813,WEAK,False
0.21019671180730343,0.29881523931364057,0.26779875468642256,WEAK,False
0.23420111233102942,0.4247656322039175,0.3580680502484067,WEAK,False
0.14838479246803638,0.5107581087546268,0.38392744805432016,MODERATE,False
0.032874418474077294,0.5943128415226849,0.3978093934556723,MODERATE,False
0.07733422927428107,0.5813374824888082,0.40493634386372374,MODERATE,False
0.06144426471600328,0.5342354406945772,0.36875852910207635,MODERATE,False
0.10196465554262601,0.5098401940689422,0.36708375558473155,MODERATE,False
0.030462298528342646,0.47686054099349834,0.32062115613069386,WEAK,False
0.06760815563075756,0.5650608038780759,0.3909523769915145,MODERATE,False
0.03488435479985674,0.5308947232949326,0.35729109432165607,WEAK,False
0.06752719961685183,0.6045032850623434,0.4165616551564214,MODERATE,False
0.10479121807148473,0.4215610627550345,0.3106916171157921,WEAK,False
0.03647321994620761,0.39742434859923026,0.2710914535706723,WEAK,False
0.06857993140469765,0.3465621233411498,0.24926835616339152,WEAK,False
0.0983187012994523,0.31932587654768124,0.2419733652108011,WEAK,False
0.09004298710833236,0.29778344196607603,0.22507428276586577,WEAK,False
0.028702234701113716,0.27940332767389325,0.19165794513342044,WEAK,False
0.06857993140469765,0.3071525655097922,0.2236521435730091,WEAK,False
0.03131999360574983,0.2731421957933496,0.18850442502768966,WEAK,False
0.0904054778996719,0.275965966037857,0.2110197951894922,WEAK,False
0.10766147421583694,0.2304690898438999,0.18748642437407786,WEAK,False
0.05760059538573775,0.32854379000224765,0.2337136718864692,WEAK,False
0.0998007325293912,0.33154725032915383,0.25043596909923693,WEAK,False
0.09887479155830542,0.3075162743943809,0.2344917554017545,WEAK,False
0.03309976749995713,0.31480199735970454,0.21620621690879296,WEAK,False
0.08239676390096318,0.3410378218345721,0.25051345155780896,WEAK,False
0.03932897104354116,0.327976651955491,0.2269499636363086,WEAK,False
0.08048895833311215,0.31726024701285566,0.23439029597494543,WEAK,False
0.03369831535774165,0.3099977592268033,0.2132929538726317,WEAK,False
0.07007311937747684,0.31769451379558533,0.23102702574924736,WEAK,False
0.09858473993369848,0.29796124863679174,0.22817947059070912,WEAK,False
0.040272778144204324,0.38060240421795194,0.2614870350921403,WEAK,False
0.09950143971013908,0.37177938999001175,0.2764821073920563,WEAK,False
0.039273546674612025,0.34729757342050127,0.23948916405944004,WEAK,False
0.07940974352856689,0.3105639222168071,0.22965995967592304,WEAK,False
0.03237527427971221,0.27553846681886984,0.19043134943016468,WEAK,False
0.06726567402036837,0.3860275144517156,0.2744608703007441,WEAK,False
0.303141936346447,0.2938624600947513,0.2998941196583535,WEAK,False
0.028099676668776608,0.4915727505539468,0.3293571746941372,WEAK,False
0.07035152272476713,0.5047261945330253,0.3526950594001349,WEAK,False
0.039273546674612025,0.4979768650613851,0.33743070362601457,WEAK,False
0.07927400239735538,0.43472534414031483,0.310317374530279,WEAK,False
0.1083951826132103,0.3883818974695096,0.29038654726980484,WEAK,False
0.33873927206906446,0.47691566638381594,0.4285539283736529,MODERATE,False
0.02920895024966297,0.685160320033055,0.45557734060886784,MODERATE,False
0.06714212909089823,0.7291019760473374,0.4974160296125837,MODERATE,False
0.031034664421646263,0.6971996601596092,0.4640419116513222,MODERATE,False
0.06753726932509557,0.7108425874506202,0.48568572610668664,MODERATE,False
0.029466567033597735,0.46462072918674063,0.31231677243314065,WEAK,False
0.06754052600490501,0.501318179760363,0.3494960009459527,WEAK,False
0.10386252224230297,0.5066867758422635,0.36569828708227736,MODERATE,False
0.034682181181829475,0.5220191925445912,0.3514512385676246,WEAK,False
0.06845810198608443,0.5601257595194388,0.3880420793827648,MODERATE,False
0.047000709988885725,0.5701544340794347,0.38705063064774253,MODERATE,False
0.08676759087673375,0.2829074397777749,0.21425849266241048,WEAK,False
0.055514530007043705,0.22810486339361036,0.16769824670831204,WEAK,False
0.0998007325293912,0.3123641537963195,0.2379669563528946,WEAK,False
0.10841163637430323,0.24215698210226866,0.19534611109748073,WEAK,False
0.029756684781436116,0.3123901774666911,0.21346845502685188,WEAK,False
0.06577307699591284,0.3247899242870121,0.23413402773512734,WEAK,False
0.03640736176887249,0.3125657599349874,0.21591032057684723,WEAK,False
0.1377266426597622,0.3460131664274881,0.273112883108784,WEAK,False
0.09821567811467768,0.2811898291978411,0.2171488763187339,WEAK,False
0.1253124910438414,0.4027784516890594,0.30566536546323314,WEAK,False
0.030721539905402884,0.3456272971031541,0.23541028208394119,WEAK,False
0.06760336901317643,0.3895258948175435,0.27685301078601504,WEAK,False
0.03640736176887249,0.3715627581758703,0.25425836943342106,WEAK,False
0.07870337661266058,0.32600814165181424,0.23945147388811044,WEAK,False
0.11591470980186541,0.27333424015088137,0.2182374045287258,WEAK,False
0.03664827242187624,0.21502587001240156,0.1525937108557177,WEAK,False
0.1561909007662891,0.2918649255448316,0.24437901687234176,WEAK,False
0.08028288198869138,0.3284617930096391,0.24159917415230742,WEAK,False
0.04017976523849365,0.30681720364353826,0.21349410020177265,WEAK,False
0.030462298528342646,0.44232171469361414,0.29817091903576914,WEAK,False
0.06808158480431725,0.3285721414768995,0.23740044664149573,WEAK,False
0.03488689066681233,0.3278620503444397,0.22532074445727013,WEAK,False
0.06965390463358967,0.3062063282472534,0.22341297998247112,WEAK,False
0.060841120078219735,0.28965768517298834,0.20957188738981933,WEAK,False
0.16528891273276264,0.386086709203505,0.3088074804387452,WEAK,False
0.03369831535774165,0.34368960190445386,0.2351926516131046,WEAK,False
0.1313745232382676,0.3006765807597158,0.24142086062720894,WEAK,False
0.03135131262201707,0.313839035966357,0.21496833279583802,WEAK,False
0.06709946376048809,0.3627077955769908,0.2592448794412148,WEAK,False
0.10248498229825503,0.3039833518336825,0.23345892249628292,WEAK,False
0.043150301140431724,0.26904596884631776,0.18998248514925764,WEAK,False
0.09950143971013908,0.3431240666863892,0.25785614724470163,WEAK,False
0.06455548294346508,0.32508814111310363,0.23390171075373015,WEAK,False
0.10466722742909984,0.2989781405841224,0.2309693209798645,WEAK,False
0.09730314285879565,0.24471550192778224,0.19312117625363695,WEAK,False
0.15468821212734463,0.3881473147519205,0.3064366288333189,WEAK,False
0.1004402570023678,0.39034434768217585,0.28887791594424306,WEAK,False
0.1080511016963151,0.4674645219816534,0.341669824881785,WEAK,False
0.04177492195718979,0.4377038670139238,0.2991287362440669,WEAK,False
0.08278913614136818,0.4200528069329511,0.3020105221558971,WEAK,False
0.03647321994620761,0.3873080039693457,0.2645158295612474,WEAK,False
0.07765124490964154,0.29537631530994446,0.21917254066983843,WEAK,False
0.10776703143047561,0.28795587382746896,0.2248897789885213,WEAK,False
0.030462298528342646,0.24790561608152484,0.17180045493791107,WEAK,False
0.06937086068562709,0.31547164383718845,0.22933636973414198,WEAK,False
0.03640736176887249,0.4267500305282224,0.29013009646244997,WEAK,False
0.07977075606609119,0.28511014619066277,0.21324135964706273,WEAK,False
0.14838479246803638,0.28581971805221096,0.23771749409774984,WEAK,False
0.10478156855832604,0.434032425948596,0.31879462586200147,WEAK,False
0.11285278885732641,0.34660000335280927,0.2647884782793903,WEAK,False
0.11192872847368263,0.3916988271933764,0.2937792926414836,WEAK,False
0.14838479246803638,0.3456568950901415,0.2766116591724047,WEAK,False
0.11624589952300962,0.30787545100438585,0.24080510798590418,WEAK,False
0.11297619724542807,0.2759619376542589,0.21891692851116812,WEAK,False
0.04167618222411734,0.19999183765290848,0.14458135825283158,WEAK,False
0.15612235916413453,0.2209359509630646,0.19825119383343906,WEAK,False
0.039273546674612025,0.1765333652999634,0.12849242878109043,WEAK,False
0.07454120588423613,0.16023264423512731,0.1302406408123154,WEAK,False
0.030462298528342646,0.1640168136711362,0.11727273337115847,WEAK,False
0.06702363614727941,0.2480820617824682,0.1847116128101521,WEAK,False
0.039273546674612025,0.21953339823632748,0.15644245018972705,WEAK,False
0.07851973882150509,0.2597537536008834,0.19632184842810096,WEAK,False
0.09956156141378425,0.24842151685074054,0.19632053244780584,WEAK,False
0.058517950042443256,0.3362444383622849,0.23904016745034035,WEAK,False
0.09950143971013908,0.31498998406281475,0.23956899353937827,WEAK,False
0.047000709988885725,0.2847159097347144,0.20151558982367435,WEAK,False
0.08676759087673375,0.3055974154381619,0.22900697684166202,WEAK,False
0.0403386624829839,0.2544903942819016,0.17953728815228043,WEAK,False
0.08028288198869138,0.39755643782962025,0.28651069328529516,WEAK,False
0.10467946649771259,0.2928980026759936,0.22702151501359524,WEAK,False
0.030462298528342646,0.36179807338676184,0.24583055218631514,WEAK,False
0.09678180965107919,0.3998300027691544,0.29376313517782815,WEAK,False
0.030228726104517656,0.34458598257364825,0.23456094280945253,WEAK,False
0.043585755781076596,0.31081894999353465,0.21728733201917433,WEAK,False
0.06860699446831608,0.2725712582527493,0.20118376592819767,WEAK,False
0.047000709988885725,0.3038991294779842,0.21398468265679976,WEAK,False
0.030462298528342646,0.311000618946243,0.21281220679997787,WEAK,False
0.06828974943678606,0.32043622914962183,0.23218496125012933,WEAK,False
0.03131999360574983,0.2974741104338541,0.2043201695440176,WEAK,False
0.06937086068562709,0.29256602538016496,0.21444771773707672,WEAK,False
0.043585755781076596,0.2482776153002721,0.17663546446855366,WEAK,False
0.06753248888706587,0.29100726889310374,0.2127910958909905,WEAK,False
0.300886515856676,0.25474145578694607,0.2847357448322705,WEAK,False
0.3024701824692037,0.39108108771623434,0.3600672708797736,WEAK,False
0.029089352346149677,0.4005457815268053,0.27053603131357584,WEAK,False
0.06786559118429458,0.46012244498185634,0.32283254615270973,WEAK,False
0.032554289400838654,0.4392064915148101,0.29687822077492015,WEAK,False
0.0694013444942051,0.4199679123145459,0.29726961357742665,WEAK,False
0.12308286889620956,0.4128311429367585,0.31141924702256635,WEAK,False
0.09920041820050401,0.3511988572997988,0.26299940361504565,WEAK,False
0.09938181158873932,0.48502393190855486,0.3500491897966194,WEAK,False
0.11348459804573557,0.510118016757774,0.37129632020856057,MODERATE,False
0.053393825071973766,0.4471527730909258,0.3093371412842926,WEAK,False
0.0998007325293912,0.3813641949996803,0.2828169831350791,WEAK,False
0.047000709988885725,0.3025181332156016,0.21308703508625104,WEAK,False
0.06608262733783116,0.2308768247662486,0.1731988556663025,WEAK,False
0.029490947350928,0.22785512684140538,0.1584276640197383,WEAK,False
0.06790881508796937,0.1855610098457935,0.14438274168055504,WEAK,False
0.10145003176735168,0.19724980473487302,0.16371988419624056,WEAK,False
0.03932897104354116,0.29369470656057306,0.2046666991296119,WEAK,False
0.08024642466852783,0.31394609637739007,0.23215121127928828,WEAK,False
0.09065496596453282,0.31294072518583843,0.23514070945838147,WEAK,False
0.029466567033597735,0.29549628436346165,0.2023858832980093,WEAK,False
0.07690181930918516,0.26167050585619084,0.19700146556473885,WEAK,False
0.10300136123811066,0.2931920827414865,0.22662533021530495,WEAK,False
0.2228870428013336,0.29894990490556966,0.27232790316908706,WEAK,False
0.28431591921358984,0.3806343747662828,0.34692291532284025,WEAK,False
0.039273546674612025,0.3890603443043576,0.2666349651339467,WEAK,False
0.08952725735317435,0.43163831080673604,0.3118994420979895,WEAK,False
0.028099676668776608,0.42174511905240575,0.28396921421813553,WEAK,False
0.07014813575673723,0.39751586249015664,0.2829371581334598,WEAK,False
0.03131999360574983,0.348166644594272,0.23727031674828925,WEAK,False
0.0698015792340746,0.3852673033424819,0.27485429990453936,WEAK,False
0.10993174968635416,0.27600264378949607,0.2178778308533964,WEAK,False
0.23049058684331664,0.4532092515134377,0.37525771887889536,MODERATE,False
0.051459614746120486,0.5327043209549869,0.36426867378188366,WEAK,False
0.09512259435311016,0.4836608395988175,0.3476724537628199,WEAK,False
0.032554289400838654,0.4385857761419771,0.29647475578257865,WEAK,False
0.0694013444942051,0.39043984009020827,0.2780763666316072,WEAK,False
0.10699459522146659,0.39242093453678095,0.29252171577642094,WEAK,False
0.03932897104354116,0.42599299620658754,0.29066058739952133,WEAK,False
0.07923419180746993,0.46317696762420346,0.3287969960883468,WEAK,False
0.0403386624829839,0.4157914561582906,0.28438297837193327,WEAK,False
0.07700837228497098,0.42797277558446184,0.30513523442964,WEAK,False
0.11366663840825086,0.40098840874319036,0.3004257891259616,WEAK,False
0.1026784469208038,0.41141666532518306,0.30335828888365035,WEAK,False
0.11297619724542807,0.34339704551453526,0.2627497486203478,WEAK,False
0.12988262546748258,0.3850961583060642,0.29577142181256066,WEAK,False
0.11622511137263802,0.37731441081115424,0.28593315600767355,WEAK,False
0.10594571345860299,0.30553321832968344,0.23567759162480528,WEAK,False
0.10804326644141882,0.2588708622549507,0.20608120372021455,WEAK,False
0.1017666152356585,0.22984035935278463,0.18501454891179048,WEAK,False
0.1185266384084881,0.2326970501074001,0.1927374060127809,WEAK,False
0.09761284471379805,0.164188164353071,0.14088680247932545,WEAK,False
0.029089352346149677,0.13802460156044427,0.09989726433544116,WEAK,False
0.06786559118429458,0.14752034951068194,0.11964118409644636,WEAK,False
0.08909420023446513,0.1504784698816987,0.12899397550516695,WEAK,False
0.08119710417223625,0.18268032897880826,0.14716120029650806,WEAK,False
0.07737226894655996,0.21349227243950028,0.16585027121697116,WEAK,False
0.12922975574187118,0.2535855551790962,0.21006102537606747,WEAK,False
0.07637984231786549,0.2783502587534719,0.2076606130010097,WEAK,False
0.07560653082040314,0.2357415819655874,0.1796943140647729,WEAK,False
0.07708155455430493,0.22364195940464526,0.17234581770702617,WEAK,False
0.07766407148392851,0.22075017109013495,0.1706700362279627,WEAK,False
0.12029495073806179,0.1904267216383828,0.16588060182327047,WEAK,False
0.11733911846199407,0.14066402590736446,0.13250030830148482,WEAK,False
0.09937794598393923,0.09692023052649283,0.098517745573833,WEAK,False
0.07581073837337171,0.09162123520800637,0.08608756131588424,WEAK,False
0.13078130284368006,0.08858872721173346,0.11601390137249874,WEAK,False
0.18705288919118984,0.08864654988660554,0.15261067043458534,WEAK,False
0.11297492876640025,0.12143184460547347,0.11847192406179785,WEAK,False
0.39766339412089485,0.1280679325966259,0.30330498258740074,WEAK,False
0.40963267015999066,2.2140243353637166,1.5824872525424125,STRONG,False
0.13033346011996505,7.6665026211006,5.028843414757378,STRONG,True
0.29874453867624823,7.373373948100915,4.897253654802282,STRONG,True
0.09778166208238825,7.379843570223657,4.831121902374213,STRONG,True
0.17184353949714265,7.525996472188441,4.952042945746487,STRONG,True
0.09347581506236985,7.4903973527562355,4.901474814563382,STRONG,True
0.09433412734604624,7.4670789086848055,4.88661823521624,STRONG,True
0.09433412734604624,7.566572415019625,4.951289014333873,STRONG,True
0.09347581506236985,7.476702178915226,4.892572951566726,STRONG,True
0.09347581506236985,7.370743387852266,4.823699737375803,STRONG,True
0.09347581506236985,5.715474143732309,3.7477747286978302,STRONG,True
0.11314387818058558,0.33306425530747064,0.25609212331306086,WEAK,True
0.09965526428594285,0.29798918543441233,0.22857231303244802,WEAK,True
0.12080174212698425,0.22023321123712303,0.18543219704857444,WEAK,True
0.11410617274282908,0.1537667731546164,0.13988556301049085,WEAK,False
0.07449523959359228,0.088005680783096,0.08327702636676969,WEAK,False
0.07940398944479954,0.1529782141765166,0.12722723552041562,WEAK,False
0.09455632380161055,0.22242147428214976,0.17766867161396102,WEAK,False
0.0880139638484938,0.253333893130665,0.1954719178819051,WEAK,False
0.09213291089080161,0.31733141398131415,0.23851193789963476,WEAK,False
0.12398902836460168,0.3052017635018508,0.2417773062038136,WEAK,False
0.07579345360485823,0.26162773095658837,0.19658573388348283,WEAK,False
0.09607705915214876,0.3230038706392949,0.24357948661879375,WEAK,False
0.16293281557536538,0.3377898047488996,0.2765898585381626,WEAK,False
0.10667352454865592,0.3309031182539282,0.2524227604570829,WEAK,False
0.0783247215699589,0.3608581911923398,0.2619714768245065,WEAK,False
0.11178518296597606,0.37381126808161674,0.2821021382911425,WEAK,False
0.07579345360485823,0.405181358957936,0.2898955920843588,WEAK,False
0.10346295180604348,0.42562303715468536,0.3128670072826607,WEAK,False
0.10346295180604348,0.47555484946232746,0.3453226852826281,WEAK,False
0.11057442338139162,0.48096459025665295,0.3513280318503115,WEAK,False
0.15326831215066977,0.43531874366966233,0.33660109263801496,WEAK,False
0.10667352454865592,0.4612129224474058,0.33712413318284334,WEAK,False
0.0698633877341569,0.46259655592511006,0.3251399470582764,WEAK,False
0.10782511349064577,0.43806422301074355,0.3224805346787093,WEAK,False
0.07579345360485823,0.4158105458142632,0.2968045635409715,WEAK,False
0.07449523959359228,0.4354971310191962,0.3091464690202348,WEAK,False
0.10261494724406017,0.3729577759503514,0.2783377859031495,WEAK,False
0.10261494724406017,0.37483045701824613,0.27955502859728104,WEAK,False
0.06782603585490193,0.392458381370474,0.2788370604400238,WEAK,False
0.10667352454865592,0.398937233717817,0.2966449355086106,WEAK,False
0.12854649016950032,0.35323440769474246,0.2745936365609077,WEAK,False
0.08680199896801777,0.3328857758904869,0.24675645396762272,WEAK,False
0.09183880426008673,0.28982814196132,0.22053187376588837,WEAK,False
0.11327274342686222,0.3192599587705587,0.24716443340026492,WEAK,False
0.03640736176887249,0.27423420895535616,0.1909948124400869,WEAK,False
0.1374016983674256,0.2730145558434951,0.22555005572687076,WEAK,False
0.10667352454865592,0.268109753064129,0.21160707308371343,WEAK,False
0.08755649003006066,0.3762318773640663,0.27519549179716435,WEAK,False
0.07579345360485823,0.3851152293098922,0.27685260781313037,WEAK,False
0.09847209736454543,0.3148684551985335,0.23912972995663767,WEAK,False
0.0783247215699589,0.3915823499907794,0.28194218004349225,WEAK,False
0.10807868767583928,0.34962957419029367,0.2650867639102346,WEAK,False
0.10650502021032848,0.3619177738512225,0.27252331007690955,WEAK,False
0.0698633877341569,0.4880048680311338,0.3416553499271919,WEAK,False
0.10718713539340691,0.40342040818323477,0.299738762706795,WEAK,False
0.1031317610788029,0.37359706946107024,0.2789342115272767,WEAK,False
0.10807868767583928,0.49956492833237515,0.36254474410258763,WEAK,False
0.09213320628117466,0.4413980974749723,0.3191553855571431,WEAK,False
0.06745405084295297,0.3952937695922075,0.28054986802996845,WEAK,False
0.10650502021032848,0.4106643013998079,0.30420855298349014,WEAK,False
0.09251444335629877,0.3681660709015146,0.27168800126068904,WEAK,False
0.08680199896801777,0.42051500493134975,0.3037154528441836,WEAK,False
0.07913670180053606,0.40886010328463507,0.2934569127652004,WEAK,False
0.20961421994786805,0.3746693425213576,0.3169000496206362,WEAK,False
0.10782511349064577,0.32840805063838396,0.25120402263667563,WEAK,False
0.11123100373613248,0.30904927926609277,0.23981288283060667,WEAK,False
0.07705839443225526,0.3298541441241848,0.24137563173200946,WEAK,False
0.1282277549419879,0.32896026977067094,0.2587038895806319,WEAK,False
0.07990455163807736,0.3129542998477344,0.23138688797435442,WEAK,False
0.08924236539483954,0.28791973009596866,0.21838265245057348,WEAK,False
0.10718713539340691,0.23434623884600483,0.18984055263759556,WEAK,False
0.08755649003006066,0.2922647771317574,0.22061687664616356,WEAK,False
0.07345605504576286,0.3531973685877177,0.25528790884803354,WEAK,False
0.0698633877341569,0.32402417395104327,0.23506789877513307,WEAK,False
0.07705839443225526,0.40106373999168016,0.2876618690458815,WEAK,False
0.10650502021032848,0.3091550144410103,0.23822751646027165,WEAK,False
0.18045930055729692,0.34596012857539366,0.2880348387690598,WEAK,False
0.06627878603877091,0.37880932808749396,0.2694236383704409,WEAK,False
0.18229416554325445,0.37444328376648955,0.3071910923883573,WEAK,False
0.07913670180053606,0.3028074161411318,0.22452266612192331,WEAK,False
0.12488713845797422,0.4673327406508608,0.34747677988335046,WEAK,False
0.08680199896801777,0.3863049297239987,0.2814789039594054,WEAK,False
0.0890541201247585,0.3873741318637457,0.2829621277551002,WEAK,False
0.2289220987521156,0.35919337748653757,0.3135984299294899,WEAK,False
0.21064155099061926,0.31706570872862444,0.27981725352032266,WEAK,False
0.07901427066867306,0.3260872834065575,0.23961172894829796,WEAK,False
0.10752039332129082,0.4187767555109251,0.3098370287445531,WEAK,False
0.07579345360485823,0.34440233789916547,0.25038922839615796,WEAK,False
0.07046912909530884,0.3149646135537153,0.22939119399327307,WEAK,False
0.07345605504576286,0.26720227250354295,0.19939109639331992,WEAK,False
0.0698633877341569,0.3128626418506108,0.22781290290985196,WEAK,False
0.09847209736454543,0.3816578281058052,0.2825428223463643,WEAK,False
0.0880139638484938,0.2571108169594883,0.19792691837064025,WEAK,False
0.08755649003006066,0.36239195286933046,0.26619954087558606,WEAK,False
0.10650502021032848,0.3341735995888753,0.25448959680638394,WEAK,False
0.19053937523415826,0.2918429963159986,0.2563867289373545,WEAK,False
0.092908330516974,0.40703423028077007,0.29709016536344146,WEAK,False
0.19470921224511478,0.34613324993716127,0.293134836744945,WEAK,False
0.08680199896801777,0.3728726480315776,0.2727479208593317,WEAK,False
0.0967632808518325,0.4827593464080081,0.34766072346334664,WEAK,False
0.09847209736454543,0.4521085555876729,0.3283357952095783,WEAK,False
0.1282277549419879,0.4159333325101686,0.3152363803613054,WEAK,False
0.07901427066867306,0.47903772470429384,0.33902951579182655,WEAK,False
0.10577075713530465,0.4696674601447378,0.34230361409143617,WEAK,False
0.0788748437867901,0.40287299022699125,0.2894736389729209,WEAK,False
0.09847209736454543,0.554996741630566,0.3952131161374588,MODERATE,False
0.09213320628117466,0.4959066021981347,0.3545859136271987,WEAK,False
0.1692111998506161,0.47852860510541473,0.37026751326623525,MODERATE,False
0.20961421994786805,0.36586318448333716,0.311176046895923,WEAK,False
0.07009065450202762,0.3689486188122015,0.26434833130364066,WEAK,False
0.10998994205727952,0.3498949782243122,0.2659282155658508,WEAK,False
0.08601280907885478,0.31967794551867423,0.23789514776473744,WEAK,False
0.09861540707049365,0.27017461134720727,0.21012888985035752,WEAK,False
0.08601280907885478,0.2677543481627862,0.2041448094834102,WEAK,False
0.16725494880354358,0.334714939984728,0.2761039430713135,WEAK,False
0.0890541201247585,0.219200564598798,0.17364930903288417,WEAK,False
0.19053937523415826,0.3224835323221401,0.27630307734134646,WEAK,False
0.10434749912066787,0.34677775064008654,0.26192716260829,WEAK,False
0.10667352454865592,0.3148077159674495,0.24196074897087175,WEAK,False
0.09396957285282792,0.30799743369685445,0.23308768240144517,WEAK,False
0.09736540732531318,0.41470466941999123,0.30363592768685393,WEAK,False
0.0865114979394685,0.43810139671023646,0.3150449321404677,WEAK,False
0.08755649003006066,0.4348980664532195,0.3133285147051139,WEAK,False
0.0890541201247585,0.42095110221462423,0.3047871584831712,WEAK,False
0.09847209736454543,0.35547271400500824,0.2655224981808463,WEAK,False
0.07901427066867306,0.3463031489231362,0.2527520415340741,WEAK,False
0.18732269306851806,0.3643804691496324,0.30241024752124235,WEAK,False
0.14838479246803638,0.35216949503927736,0.28084484913934304,WEAK,False
0.0788748437867901,0.4005598456253064,0.28797009498182574,WEAK,False
0.11326936149439348,0.40675902484984394,0.30403764267543626,WEAK,False
0.07113992706567884,0.338533760974598,0.24494591910647628,WEAK,False
0.11635658526765075,0.39307689826395503,0.29622478871524854,WEAK,False
0.08565684248556094,0.4443342325580211,0.3187971460326601,WEAK,False
0.11283082174321196,0.429932423232389,0.31894686271117706,WEAK,False
0.07097486735606628,0.4503566923511889,0.317573053602896,WEAK,False
0.09712839629584791,0.4560364402836608,0.3304186248879263,WEAK,False
0.10165340824618546,0.3998901696021278,0.29550730312754797,WEAK,False
0.10667352454865592,0.37408162608857964,0.28048879054960635,WEAK,False
0.13190721506694963,0.38386686277174636,0.2956809860750675,WEAK,False
0.21064155099061926,0.31304744589428496,0.277205382678002,WEAK,False
0.06583709296856644,0.30996413565452435,0.2245196707144391,WEAK,False
0.14157449099285957,0.3002145477773288,0.24469052790276458,WEAK,False
0.20584777289950512,0.2597350166420472,0.24087448133215744,WEAK,False
0.1284648993129094,0.23599096110561787,0.1983568394781699,WEAK,False
0.0865114979394685,0.36475303909100193,0.2673684996879652,WEAK,False
0.1880125161809036,0.3733058478105419,0.30845318174016845,WEAK,False
0.095062394449066,0.34083632604041664,0.2548154499834439,WEAK,False
0.11123100373613248,0.47727391296607485,0.349158894735595,WEAK,False
0.08199385265832448,0.4638651436124046,0.33021019177847655,WEAK,False
0.08199385265832448,0.5346442465744357,0.37621660870379675,MODERATE,False
0.10718713539340691,0.4895309502338967,0.35571061503972523,WEAK,False
0.10667352454865592,0.5304210237614185,0.3821093990369516,MODERATE,False
0.07901427066867306,0.5348450819161747,0.3753042979795491,MODERATE,False
0.10807868767583928,0.4338800767664071,0.3198495905847084,WEAK,False
0.08123872021361933,0.4580604597417185,0.3261728509068838,WEAK,False
0.12497015386901256,0.5175389236616509,0.38013985423422747,MODERATE,False
0.1506312551325475,0.4006193670618237,0.31312352788657705,WEAK,False
0.1935582894717423,0.4257832139893306,0.3445044904081747,WEAK,False
0.08755649003006066,0.4660182962587185,0.3335566640786883,WEAK,False
0.10807868767583928,0.4159465627371345,0.3081928064656812,WEAK,False
0.07009065450202762,0.40911412676450964,0.29045591147264094,WEAK,False
0.11381459004901257,0.5494848178400251,0.3970002381131707,MODERATE,False
0.11381459004901257,0.464122812357889,0.3415149345497822,WEAK,False
0.10165340824618546,0.47480941271806815,0.3442048111529092,WEAK,False
0.092908330516974,0.41066995811725604,0.29945338845715735,WEAK,False
0.07113992706567884,0.4138934021599888,0.2939296858769804,WEAK,False
0.0865114979394685,0.3612790982290363,0.2651104381276876,WEAK,False
0.09901668357990545,0.42034318291141265,0.3078789081453851,WEAK,False
0.07113992706567884,0.32261487000257266,0.23459863997465982,WEAK,False
0.07097486735606628,0.29023076564460976,0.21349120124361953,WEAK,False
0.07705839443225526,0.29916666736958586,0.22142877184152016,WEAK,False
0.07901427066867306,0.32298267998939517,0.23759373672714243,WEAK,False
0.11123100373613248,0.3094031807662658,0.24004291880571912,WEAK,False
0.20961421994786805,0.31110963578683054,0.27558624024319367,WEAK,False
0.11008705312593947,0.39568942455704237,0.29572859455615635,WEAK,False
0.10667352454865592,0.36835634272825846,0.27676735636539757,WEAK,False
0.07940398944479954,0.3290863882287763,0.24169754865438442,WEAK,False
0.08123872021361933,0.4201789422137961,0.3015498645137342,WEAK,False
0.10667352454865592,0.3337864907316966,0.25429695256763235,WEAK,False
0.06905671409997216,0.3455044240523019,0.2487477255689865,WEAK,False
0.10037141954834344,0.45359846173092067,0.32996899696701865,WEAK,False
0.08755649003006066,0.4616576669558125,0.3307222550317994,WEAK,False
0.06583709296856644,0.5355970906699298,0.37118109147445266,MODERATE,False
0.07113992706567884,0.45586396457403194,0.3212105514461084,WEAK,False
0.10049596553416812,0.41655933513544036,0.3059371557749951,WEAK,False
0.0856240605506507,0.451954670150697,0.3237389567906808,WEAK,False
0.07113992706567884,0.40556399867103016,0.28851557360915725,WEAK,False
0.09213320628117466,0.39431031967366154,0.28854832998629115,WEAK,False
0.07945062424233951,0.3983417511636813,0.2867298567412117,WEAK,False
0.07940398944479954,0.3618053390307322,0.2629648666756558,WEAK,False
0.08095198195028097,0.38467312330072456,0.2783707238280693,WEAK,False
0.07345605504576286,0.37610628982621136,0.2701787076530544,WEAK,False
0.21064155099061926,0.3877371509244568,0.3257536909476137,WEAK,False
0.07046912909530884,0.4131170289052449,0.2931902639717673,WEAK,False
0.06905671409997216,0.3371201842972752,0.24329796972821913,WEAK,False
0.11080050573625194,0.34393198169072914,0.26233596510666213,WEAK,False
0.0890541201247585,0.2859801009335794,0.21705600765049207,WEAK,False
0.06583709296856644,0.2638647105257367,0.1945550443807271,WEAK,False
0.1930797132879975,0.37472740971880925,0.3111507159680251,WEAK,False
0.10109610041467904,0.357581959614043,0.2678119088942656,WEAK,False
0.0856240605506507,0.3867991974289564,0.2813878995215494,WEAK,False
0.15720574170456114,0.2899174563428652,0.24346835621945878,WEAK,False
0.09543409839211292,0.30688068122994994,0.23287437723670698,WEAK,False
0.07876366515500388,0.4162097298477402,0.2981036072052825,WEAK,False
0.07876366515500388,0.34188668657572724,0.24979362907847408,WEAK,False
0.07876366515500388,0.39139328925710604,0.28197292082137027,WEAK,False
0.07876366515500388,0.34395223180943235,0.2511362334803824,WEAK,False
0.09213320628117466,0.3060476228338408,0.23117757704040764,WEAK,False
0.10667352454865592,0.25576064302358753,0.20358015155736148,WEAK,False
0.07945062424233951,0.2412458586835924,0.1846175266291539,WEAK,False
0.12815450695581831,0.26910381602980604,0.21977155785391034,WEAK,False
0.12815450695581831,0.24449863966907245,0.2037781932194335,WEAK,False
0.09742561328171484,0.2143722919118296,0.17344095439128943,WEAK,False
0.10807868767583928,0.2247291850505819,0.18390151096942198,WEAK,False
0.08924236539483954,0.23115192623300654,0.1814835799396481,WEAK,False
0.08458391313849684,0.27379004334821944,0.20756789777481655,WEAK,False
0.10589481449230387,0.2650932376071298,0.20937378951694072,WEAK,False
0.10090564904388588,0.24426999728809048,0.19409247540261887,WEAK,False
0.10090564904388588,0.43958327615118237,0.32104610666362865,WEAK,False
0.18732269306851806,0.2901733953384365,0.25417564954396504,WEAK,False
0.08095198195028097,0.3158924223476928,0.2336632682085987,WEAK,False
0.06583709296856644,0.436784079922807,0.3069526344888228,WEAK,False
0.12854649016950032,0.42447379955875897,0.3208992412725184,WEAK,False
0.21064155099061926,0.39527942520163006,0.3306561692277763,WEAK,False
0.10667352454865592,0.44326185579639243,0.3254559398596847,WEAK,False
0.0856240605506507,0.40770552291832013,0.29497701108963587,WEAK,False
0.10165244649757793,0.4511657906290517,0.32883612018303593,WEAK,False
0.11080050573625194,0.3494190174209968,0.2659025383313361,WEAK,False
0.1555297754468224,0.34953060840784456,0.2816303168714868,WEAK,False
0.07097486735606628,0.3506052466333599,0.25273461388630714,WEAK,False
0.175922172661441,0.2937392143004348,0.252503249726787,WEAK,False
0.08755649003006066,0.30070452350877724,0.22610271179122643,WEAK,False
0.08042111398016699,0.2422879260998352,0.18563454185795134,WEAK,False
0.10650502021032848,0.28463409720831945,0.2222889202590226,WEAK,False
0.09843889461034655,0.2900275769973746,0.22297153816191478,WEAK,False
0.05738534614553409,0.39388445477074685,0.2761097667519224,WEAK,False
0.10899460139506706,0.39665100567979733,0.29597126418014175,WEAK,False
0.12076290799256512,0.45445287221775316,0.33766138473893736,WEAK,False
0.10165340824618546,0.37613248829774687,0.28006481027970037,WEAK,False
0.10434749912066787,0.3787378385515513,0.28270121975074214,WEAK,False
0.13352122985178572,0.4939448448469029,0.3677965795986119,MODERATE,False
0.07113992706567884,0.3978656216766455,0.2835116285628072,WEAK,False
0.10165244649757793,0.42534283494492087,0.3120511989883509,WEAK,False
0.11362709375916119,0.4020991808489251,0.30113395036750773,WEAK,False
0.10650502021032848,0.38737881357940207,0.28907298590022634,WEAK,False
0.1282277549419879,0.3687152684825427,0.2845446387433485,WEAK,False
0.08755649003006066,0.40204082077590075,0.29197130501485674,WEAK,False
0.08042111398016699,0.3802170691734554,0.2752884848558044,WEAK,False
0.10650502021032848,0.3538755390822466,0.2672958574770753,WEAK,False
0.11123100373613248,0.37725811756613536,0.2841486277256344,WEAK,False
0.20961421994786805,0.38686831994925425,0.32482938494876906,WEAK,False
0.11131747602931163,0.3789178669016529,0.2852577300963335,WEAK,False
0.10886580541744312,0.3578701483909017,0.2707186283501912,WEAK,False
0.10650502021032848,0.38537316294807716,0.2877693129898652,WEAK,False
0.06905671409997216,0.40651260256749017,0.2884030416038589,WEAK,False
0.10165340824618546,0.5032115427635927,0.36266619568250014,WEAK,False
0.1787642856246036,0.43663562658300203,0.3463806572475626,WEAK,False
0.11996664107844063,0.5084573080393848,0.37248557460305437,MODERATE,False
0.06583709296856644,0.4369713799068792,0.3070743794784697,WEAK,False
0.13352122985178572,0.4368246099180374,0.3306684268948493,WEAK,False
0.10225414735575594,0.4362957774850311,0.3193812069397848,WEAK,False
0.08591396094804066,0.47763789215241814,0.34053451623088604,WEAK,False
0.07113992706567884,0.4320252606938436,0.30571539392398595,WEAK,False
0.08924236539483954,0.377868492076109,0.2768493477376647,WEAK,False
0.07113992706567884,0.4112143801767135,0.2921883215878514,WEAK,False
0.08042111398016699,0.3198791430350492,0.23606883286584046,WEAK,False
0.07046912909530884,0.3407090001265604,0.24612504526562234,WEAK,False
0.10650502021032848,0.26855055414633044,0.21183461726872976,WEAK,False
0.10899460139506706,0.3370074369036902,0.25720294447567216,WEAK,False
0.20961421994786805,0.35079342238683925,0.30138070153319935,WEAK,False
0.11162476612215355,0.29908197110840173,0.23347194936321486,WEAK,False
0.17700316748126438,0.3255664870795017,0.2735693252201187,WEAK,False
0.08823444190829882,0.2790047907228678,0.21223516863776867,WEAK,False
0.06940633693473264,0.4402945794722828,0.3104836945841402,WEAK,False
0.09213320628117466,0.4035118330055577,0.2945293136520236,WEAK,False
0.07113992706567884,0.39535894719751935,0.2818822901513752,WEAK,False
0.09213320628117466,0.3739465194383664,0.27531185983334927,WEAK,False
0.08056974757532598,0.33536526122535815,0.2461868314478469,WEAK,False
0.14233369278894853,0.35898634346665187,0.2831579157294557,WEAK,False
0.11057442338139162,0.3632759747629075,0.27483043177937694,WEAK,False
0.06583709296856644,0.5209914784187663,0.3616874435111963,WEAK,False
0.09396957285282792,0.4048376670620212,0.29603383408880357,WEAK,False
0.10255530324952472,0.30519592783299826,0.23427170922878254,WEAK,False
0.08591396094804066,0.356466569260157,0.2617731563509163,WEAK,False
0.09213320628117466,0.31315123153819885,0.23579492269824037,WEAK,False
0.10807868767583928,0.32217420847144523,0.24724077619298318,WEAK,False
0.07097486735606628,0.36504850445463394,0.26212273147013526,WEAK,False
0.10023296052179614,0.349117235935488,0.26200773954069584,WEAK,False
0.10023296052179614,0.3516142577837873,0.2636308037420904,WEAK,False
0.08042111398016699,0.2730221394911139,0.20561178056228252,WEAK,False
0.09213320628117466,0.3015789682501415,0.2282729515610031,WEAK,False
0.09213320628117466,0.2752189370403222,0.21113893127462055,WEAK,False
0.11446328303835707,0.23700672198802078,0.19411651835563848,WEAK,False
0.07113992706567884,0.3018590125955425,0.2211073326600902,WEAK,False
0.06940633693473264,0.22060754895902868,0.16768712475052505,WEAK,False
0.07142002438062545,0.3220420129447382,0.23432431694729874,WEAK,False
0.07113992706567884,0.3061059107758154,0.22386781647726758,WEAK,False
0.08056974757532598,0.2540037159404743,0.19330182701267237,WEAK,False
0.08823444190829882,0.348113452712705,0.2571557989311628,WEAK,False
0.11137698455002004,0.34446683285256247,0.26288538594667266,WEAK,False
0.06583709296856644,0.28916969255184055,0.2110032826976946,WEAK,False
0.12854649016950032,0.34759879647839653,0.27093048927028285,WEAK,False
0.09213320628117466,0.3384620481329831,0.25224695348485016,WEAK,False
0.21064155099061926,0.3322969642789497,0.2897175696280341,WEAK,False
0.10255530324952472,0.33250127145454134,0.2520201825827855,WEAK,False
0.08591396094804066,0.30679829223779626,0.2294887762863818,WEAK,False
0.11388491576925602,0.26768207672835537,0.2138530703926706,WEAK,False
0.09213320628117466,0.21560744863175338,0.17239146380905082,WEAK,False
0.08042111398016699,0.2321298064012018,0.1790317640538396,WEAK,False
0.07046912909530884,0.296292690385121,0.21725444393368676,WEAK,False
0.07046912909530884,0.3103642697132271,0.22640097049695573,WEAK,False
0.0849467199299449,0.22650474607982432,0.17695943692736651,WEAK,False
0.10807868767583928,0.2905260412539432,0.22666946750160682,WEAK,False
0.07705839443225526,0.2979642668620075,0.22064721151159422,WEAK,False
0.07940398944479954,0.30262435650493874,0.22449722803389002,WEAK,False
0.0926136994253931,0.31080989295521116,0.23444122521977487,WEAK,False
0.08056974757532598,0.33286148456654313,0.24455937661961713,WEAK,False
0.13352122985178572,0.29757673173129984,0.2401573060734699,WEAK,False
0.07046912909530884,0.29837341758925423,0.21860691661637333,WEAK,False
0.08591396094804066,0.32807953800363593,0.24332158603417758,WEAK,False
0.10564021984663724,0.3278379379837321,0.2500687366357489,WEAK,False
0.07046912909530884,0.32820747395872096,0.2379990532565267,WEAK,False
0.08823444190829882,0.24719425476850776,0.19155832026743463,WEAK,False
0.15294656725971445,0.4404718553450705,0.33983800451519586,WEAK,False
0.21064155099061926,0.4370708554059597,0.3578205988605906,WEAK,False
0.11388491576925602,0.43375537092628175,0.32180071162132273,WEAK,False
0.11300649181113342,0.39163973804652547,0.2941181018641382,WEAK,False
0.07046912909530884,0.32500205250977693,0.2359155293147131,WEAK,False
0.07046912909530884,0.33472945343308375,0.24223833991486254,WEAK,False
0.1361350374134434,0.32600475781763955,0.2595503556761709,WEAK,False
0.06940633693473264,0.40059732442696583,0.2846804788046842,WEAK,False
0.07046912909530884,0.3812976462514582,0.2725076652468059,WEAK,False
0.03131999360574983,0.3455488492099006,0.23556874974844783,WEAK,False
0.06753726932509557,0.396884753229006,0.28161313386263737,WEAK,False
0.03932897104354116,0.40415625701275965,0.2764667069235332,WEAK,False
0.07449523959359228,0.3101290333358338,0.22765720552604926,WEAK,False
0.10807868767583928,0.36476607232057867,0.27492548769491987,WEAK,False
0.10718713539340691,0.4271515910414321,0.31516403156462325,WEAK,False
0.0926136994253931,0.3494405001011756,0.25955111986465174,WEAK,False
0.08056974757532598,0.39408757404122513,0.2843563347781604,WEAK,False
0.13352122985178572,0.3276709706700861,0.259718561383681,WEAK,False
0.07046912909530884,0.3168332503064729,0.23060580788256552,WEAK,False
0.1062473205031721,0.34781054305019116,0.26326341515873447,WEAK,False
0.08591396094804066,0.3796721464927303,0.2768567815520889,WEAK,False
0.10667352454865592,0.330004418388088,0.2518386055442868,WEAK,False
0.09847209736454543,0.29355259525520977,0.22527442099347725,WEAK,False
0.11300649181113342,0.4367218161572048,0.3234214526360798,WEAK,False
0.10807868767583928,0.434129052270611,0.3200114246624409,WEAK,False
0.10807868767583928,0.408769055176952,0.30352742655156256,WEAK,False
0.09847209736454543,0.46856146675943605,0.3390301874712243,WEAK,False
0.07113992706567884,0.4189043694314802,0.29718681460344976,WEAK,False
0.06903292000494105,0.39892741590243685,0.28346434233831336,WEAK,False
0.08823444190829882,0.3483656047843947,0.25731969777776115,WEAK,False
0.10667352454865592,0.33133567621643406,0.2527039231327117,WEAK,False
0.1536402988977711,0.2942416815891625,0.2450311976471755,WEAK,False
0.07449523959359228,0.40749722155465096,0.2909465278682804,WEAK,False
0.13352122985178572,0.4162333743892634,0.31728412380114623,WEAK,False
0.08056974757532598,0.337921786810244,0.2478485730780227,WEAK,False
0.06583709296856644,0.33709900476731186,0.24215733563775096,WEAK,False
0.1062473205031721,0.3454151416144547,0.2617064042255058,WEAK,False
0.08591396094804066,0.35206331544797625,0.2589110413729988,WEAK,False
0.10667352454865592,0.30702194254706944,0.23689999624762473,WEAK,False
0.1930797132879975,0.32622709233076674,0.2796255096657975,WEAK,False
0.0809515421040291,0.39935236695533377,0.28791207825737714,WEAK,False
0.10807868767583928,0.3552660579011257,0.26875047832227544,WEAK,False
0.07705839443225526,0.26785922058370354,0.20107893143069666,WEAK,False
0.1135760970072896,0.34098751299474933,0.26139351739913846,WEAK,False
0.0998559338136304,0.29517512722166805,0.22681340952885487,WEAK,False
0.09213320628117466,0.3311890926888692,0.2475195324461761,WEAK,False
0.07046912909530884,0.4228573254599491,0.299521456732325,WEAK,False
0.06785313114041003,0.5205287877914907,0.36209230796361247,WEAK,False
0.07449523959359228,0.4391123505527566,0.3114963617170491,WEAK,False
0.09213320628117466,0.3817473820664083,0.2803824205415765,WEAK,False
0.07046912909530884,0.4239444856143985,0.30022811083271717,WEAK,False
0.12621376495748937,0.36846749709051263,0.2836786908439545,WEAK,False
0.08823444190829882,0.3466194107656121,0.2561846716655525,WEAK,False
0.07940398944479954,0.3375132874159541,0.24717503312605002,WEAK,False
0.13352122985178572,0.28772868591482104,0.23375607629275869,WEAK,False
0.08305972442618526,0.2764910073081227,0.2087900582994446,WEAK,False
0.06583709296856644,0.2932176502107794,0.21363445517600485,WEAK,False
0.10667352454865592,0.27622388294205846,0.21688125750436757,WEAK,False
0.11042084933302415,0.231528707054526,0.18914095685200033,WEAK,False
0.08591396094804066,0.32125470858105765,0.2388854469095017,WEAK,False
0.15294656725971445,0.33421036105455926,0.27076803322636356,WEAK,False
0.1135760970072896,0.3414970929271931,0.2617247443552269,WEAK,False
0.0890541201247585,0.3837170245451298,0.28058500799799985,WEAK,False
0.07705839443225526,0.3661825742223417,0.26498911129581143,WEAK,False
0.09847209736454543,0.3625776942287374,0.27014073532627025,WEAK,False
0.1282277549419879,0.35683624138361425,0.27682327112904503,WEAK,False
0.0809515421040291,0.34269994513625207,0.251088004074974,WEAK,False
0.10807868767583928,0.3233109382326589,0.24797965053777205,WEAK,False
0.07579345360485823,0.26698997757098514,0.20007119418284072,WEAK,False
0.07142002438062545,0.3271632889231676,0.23765314633327783,WEAK,False
0.11283082174321196,0.32660885127308625,0.25178654093763025,WEAK,False
0.07579345360485823,0.27117924282247025,0.20279421659630606,WEAK,False
0.09622602734282021,0.19615816334848124,0.16118191574649987,WEAK,False
0.1135760970072896,0.22570877253406613,0.18646233609969434,WEAK,False
0.10667352454865592,0.22109201690581137,0.18104554458080696,WEAK,False
0.1135760970072896,0.20049071605067095,0.17007059938548746,WEAK,False
0.1187163556386483,0.3147442060747701,0.24613445842212747,WEAK,False
0.13352122985178572,0.27370458633727235,0.22464041156735204,WEAK,False
0.06583709296856644,0.2848685951574395,0.20820756939133395,WEAK,False
0.08305972442618526,0.2956837516386754,0.22126534211430385,WEAK,False
0.10667352454865592,0.2977800589003209,0.23089277187723817,WEAK,False
0.08591396094804066,0.32529916769253764,0.2415143453319637,WEAK,False
0.11042084933302415,0.3957094953325843,0.2958584692327383,WEAK,False
0.07579345360485823,0.3918500317267275,0.28123022938407327,WEAK,False
0.1400331157161619,0.365066518971294,0.2863048278319978,WEAK,False
0.11501509107482794,0.3992714481441331,0.2997817231698763,WEAK,False
0.17054787246137487,0.3119604282837111,0.26246603374589345,WEAK,False
0.09795904953296325,0.33514166991069033,0.25212775277848587,WEAK,False
0.1282277549419879,0.4301283323769009,0.3244631302746814,WEAK,False
0.08823444190829882,0.439136096044063,0.3163205170965455,WEAK,False
0.08197490322704326,0.48723049653026607,0.3453910388741381,WEAK,False
0.07579345360485823,0.36127291388280686,0.2613551027855249,WEAK,False
0.07046912909530884,0.38038827675207987,0.27191657507221,WEAK,False
0.15330459128496937,0.34291854764037655,0.27655366291598404,WEAK,False
0.08305972442618526,0.370958187819773,0.2701937256320173,WEAK,False
0.09973872232464492,0.37337133129607364,0.2775999181560736,WEAK,False
0.09973872232464492,0.3710496088804957,0.2760907985859479,WEAK,False
0.08305972442618526,0.3337928518372414,0.24603625724337175,WEAK,False
0.10730028536551867,0.3261334242060708,0.24954182561187754,WEAK,False
0.11735848377741082,0.2616863066406504,0.21117156863851655,WEAK,False
0.10730028536551867,0.23418642898376188,0.18977627871737673,WEAK,False
0.10212140316332391,0.17931148473426137,0.15229495618443326,WEAK,False
0.11735848377741082,0.1968550496612916,0.16903125160193333,WEAK,False
0.06740973781840004,0.15500142141118178,0.12434433215370817,WEAK,False
0.07046912909530884,0.14671756627164054,0.12003061325992445,WEAK,False
0.09213320628117466,0.20272005136795823,0.164014655587584,WEAK,False
0.10667352454865592,0.2429269466784631,0.1952382489330306,WEAK,False
0.11137698455002004,0.28283433106592754,0.2228242597853599,WEAK,False
0.06583709296856644,0.30680349214169705,0.22246525243110135,WEAK,False
0.08591396094804066,0.33591849405163154,0.24841690746537473,WEAK,False
0.07705839443225526,0.29463259714812207,0.2184816261975687,WEAK,False
0.11042084933302415,0.29657286454973747,0.2314196592238878,WEAK,False
0.10667352454865592,0.32362605858976695,0.2476926716753781,WEAK,False
0.09847209736454543,0.35645619375348564,0.2661617600173566,WEAK,False
0.07142002438062545,0.3314860447102746,0.2404629375948974,WEAK,False
0.08823444190829882,0.29308655346321905,0.22138831441899698,WEAK,False
0.08197490322704326,0.3183363506967265,0.23560984408233737,WEAK,False
0.07579345360485823,0.30935223739668455,0.22760666306954536,WEAK,False
0.10667352454865592,0.2656387854648775,0.21000094414419995,WEAK,False
0.10718713539340691,0.3623624038019379,0.27305105985895206,WEAK,False
0.06740973781840004,0.3350830135305601,0.24139736703130407,WEAK,False
0.10667352454865592,0.4027698533603601,0.2991361382762636,WEAK,False
0.13190721506694963,0.3278441370923352,0.2592662143834502,WEAK,False
0.07046912909530884,0.4057783496517525,0.2884201224569973,WEAK,False
0.030299371375394735,0.3839722867069752,0.260186766340922,WEAK,False
0.08239676390096318,0.27829245390330637,0.20972896240248626,WEAK,False
0.1834651708283454,0.3063078241280877,0.26331289547317793,WEAK,False
0.11042084933302415,0.3448114102794052,0.26277471394817187,WEAK,False
0.08645127485067511,0.4293247831516077,0.30931905524628134,WEAK,False
0.06562095227270565,0.3819717098515567,0.2712489446989588,WEAK,False
0.07046912909530884,0.3388646530156848,0.2449262196435532,WEAK,False
0.07579345360485823,0.29475055190866745,0.21811556750233424,WEAK,False
0.20299583811060945,0.2723984562391928,0.24810753989418863,WEAK,False
0.11467993965205536,0.3014936976372283,0.23610888234241775,WEAK,False
0.08823444190829882,0.3451494675238504,0.25522920855840736,WEAK,False
0.07046912909530884,0.28407706197551735,0.2093142854674444,WEAK,False
0.07705839443225526,0.31616593339070026,0.23247829475524454,WEAK,False
0.11326748711720336,0.2787651743641795,0.22084098382773787,WEAK,False
0.1008848905776552,0.37689905858101147,0.28029409977983677,WEAK,False
0.07345605504576286,0.4601284586157902,0.32479311736628064,WEAK,False
0.09622602734282021,0.44038205450093926,0.31992744499559755,WEAK,False
0.07579345360485823,0.4864195186682887,0.34270039589608803,WEAK,False
0.13190721506694963,0.47647583867985527,0.3558768204153383,WEAK,False
0.11123100373613248,0.39893070893592225,0.2982358121159958,WEAK,False
0.07046912909530884,0.404091446128929,0.287323635167162,WEAK,False
0.2008827738660856,0.3732689983570704,0.3129338197852257,WEAK,False
0.11103442338535807,0.3891766792523794,0.29182688969892195,WEAK,False
0.06562095227270565,0.3958777167884454,0.2802878492079365,WEAK,False
0.08645127485067511,0.33420422813782963,0.24749069448732555,WEAK,False
0.07046912909530884,0.3017934299697127,0.22082992466367135,WEAK,False
0.03342930294742852,0.29381277568090924,0.202678560224191,WEAK,False
0.08239676390096318,0.31257618207682736,0.2320133857152749,WEAK,False
0.15294656725971445,0.28187246373151725,0.23674839996638627,WEAK,False
0.07142002438062545,0.37045239196933183,0.2657910633132846,WEAK,False
0.11326748711720336,0.4096771901429697,0.3059337940839515,WEAK,False
0.1430455211477264,0.441668015277681,0.33715014233219687,WEAK,False
0.07579345360485823,0.27480748810903133,0.20515257603257075,WEAK,False
0.11326748711720336,0.2906151285831789,0.22854345407008747,WEAK,False
0.09847209736454543,0.43626825053446366,0.3180395969249923,WEAK,False
0.0890541201247585,0.384645024673898,0.2811882080816992,WEAK,False
0.12029919885105261,0.4171179301463271,0.313231374192981,WEAK,False
0.07579345360485823,0.3303003139458273,0.24122291282648814,WEAK,False
0.07705839443225526,0.32521232240363207,0.2383584476136502,WEAK,False
0.07345605504576286,0.39615691812471504,0.2832116160470818,WEAK,False
0.03640736176887249,0.33105665542563484,0.22792940264576803,WEAK,False
0.06844312241118461,0.3419370487098755,0.2462141745053337,WEAK,False
0.06740973781840004,0.3266837673312833,0.23593785700177416,WEAK,False
0.10807868767583928,0.40093031663802847,0.29843224650126227,WEAK,False
0.12621376495748937,0.31094430040598375,0.24628861299901073,WEAK,False
0.11326748711720336,0.39795564940721995,0.29831479260571414,WEAK,False
0.08823444190829882,0.3302491766197869,0.2455440194707661,WEAK,False
0.07142002438062545,0.29557105261518724,0.2171181927330906,WEAK,False
0.03355029691150385,0.32009965573900434,0.21980738014937917,WEAK,False
0.07883894873378805,0.4121377450244165,0.29548316632269656,WEAK,False
0.03441549256641169,0.40452989605340955,0.2749898548329603,WEAK,False
0.06754052600490501,0.37938007809928515,0.27023623486625215,WEAK,False
0.07579345360485823,0.34027314554341137,0.24770525336491778,WEAK,False
0.22548919057443023,0.4099513828717418,0.3453896155676828,WEAK,False
0.11326748711720336,0.3527827893194686,0.26895243354867576,WEAK,False
0.18229416554325445,0.33715992433185926,0.28295690875584756,WEAK,False
0.11326748711720336,0.39342375960618,0.29536906423503817,WEAK,False
0.08645127485067511,0.49033461447999555,0.3489754456097334,WEAK,False
0.11103442338535807,0.45424567839151475,0.33412173913935994,WEAK,False
0.06562095227270565,0.42829887466546895,0.3013616018280018,WEAK,False
0.07705839443225526,0.40566555347143607,0.2906530478077228,WEAK,False
0.07113992706567884,0.3311832641708834,0.2401680961840618,WEAK,False
0.06726567402036837,0.3076238310696582,0.22349847610240675,WEAK,False
0.030228726104517656,0.3429756780367913,0.23351424486049552,WEAK,False
0.06808158480431725,0.2889581872465915,0.21165137639179551,WEAK,False
0.029490947350928,0.2540571665610281,0.17545898983749308,WEAK,False
0.06556051786006722,0.2268245340095103,0.17038212835720523,WEAK,False
0.047000709988885725,0.1915107765308567,0.14093225324116687,WEAK,False
0.09512259435311016,0.283507025519422,0.21757247461121285,WEAK,False
0.07046912909530884,0.28172567476569665,0.20778588378106094,WEAK,False
0.03664827242187624,0.31391723452806114,0.21687309779089645,WEAK,False
0.06714212909089823,0.3533590304471257,0.25318311497244606,WEAK,False
0.07345605504576286,0.2833904238486291,0.20991339476762594,WEAK,False
0.0829302217555426,0.31979839098374113,0.23689453175387165,WEAK,False
0.10667352454865592,0.42132696601028286,0.31119826149871344,WEAK,False
0.030462298528342646,0.448238642098714,0.302016921849084,WEAK,False
0.06753248888706587,0.40616954316045145,0.2876465741647665,WEAK,False
0.11123100373613248,0.38645367551776766,0.29012574039419536,WEAK,False
0.07579345360485823,0.4758619967480469,0.33583800664793084,WEAK,False
0.11326748711720336,0.4864373405446361,0.35582789184503466,WEAK,False
0.11264664449700146,0.4496260406793824,0.33168325201554905,WEAK,False
0.06455548294346508,0.44803787054217953,0.31381903488262947,WEAK,False
0.10226561550392055,0.44484310415347045,0.32494098312612796,WEAK,False
0.06740973781840004,0.47565406859781967,0.3327685528250228,WEAK,False
0.12621376495748937,0.48076389524610985,0.3566713496450927,WEAK,False
0.030052988363587663,0.4705739096397354,0.31639158719308375,WEAK,False
0.07075272119656545,0.5132290149522403,0.3583623121377541,WEAK,False
0.1779483201269792,0.5167176598036749,0.3981483909168314,MODERATE,False
0.08242487446468832,0.4670449868461075,0.3324279475126108,WEAK,False
0.08645127485067511,0.5917321303269705,0.41488383091026715,MODERATE,False
0.06562095227270565,0.46614420266252715,0.3259610650260896,WEAK,False
0.08872568824492622,0.4247218849940087,0.30712321613182986,WEAK,False
0.03640736176887249,0.3690423023626579,0.252620073154833,WEAK,False
0.08147657726182189,0.3174589321622402,0.2348651079470938,WEAK,False
0.03131999360574983,0.2631041899374558,0.18197972122135875,WEAK,False
0.07733422927428107,0.2211408434445007,0.17080852848492384,WEAK,False
0.0829302217555426,0.1896988992276595,0.15232986211241858,WEAK,False
0.05474694725050011,0.321245139341284,0.22797077210950967,WEAK,False
0.0998007325293912,0.24989820608125868,0.1973640903381051,WEAK,False
0.06740973781840004,0.3179209695252434,0.23024203842784824,WEAK,False
0.049327188193495464,0.4184789011994042,0.28927580164733613,WEAK,False
0.0904054778996719,0.5101041944892627,0.363209643682906,WEAK,False
0.037243644222486105,0.4865452774010658,0.3292897057885629,WEAK,False
0.07063205902939551,0.4005131589240174,0.28505477396089973,WEAK,False
0.028099676668776608,0.39221571611928774,0.26477510231160883,WEAK,False
0.07615061063832995,0.4601013004647758,0.32571855902551977,WEAK,False
0.03664827242187624,0.40587455591316146,0.27664535669121165,WEAK,False
0.07733422927428107,0.4349025162782829,0.30975361582688227,WEAK,False
0.034717532978861265,0.4025674049371703,0.27381994975176216,WEAK,False
0.07837702039262157,0.41160091493712364,0.2949725518465479,WEAK,False
0.04167618222411734,0.3069297603281291,0.21409100799172498,WEAK,False
0.08288329048482357,0.27435001725436114,0.207336662885023,WEAK,False
0.029466567033597735,0.30791627821698747,0.21045887930280108,WEAK,False
0.07422336275358038,0.29414157321394624,0.2171701995528182,WEAK,False
0.030721539905402884,0.32205063024291114,0.22008544862478327,WEAK,False
0.06760336901317643,0.30875492777283337,0.22435188220695343,WEAK,False
0.03488689066681233,0.32895018894474004,0.22602803454746534,WEAK,False
0.06845810198608443,0.2889383670991286,0.2117702743095632,WEAK,False
0.035236974493658535,0.31468795824588747,0.21688011393260734,WEAK,False
0.0766180143412229,0.2650347961582833,0.19908892252231214,WEAK,False
0.10873516026531843,0.28694836363849224,0.22457374245788142,WEAK,False
0.038218850807754556,0.2603719210317991,0.18261834645338354,WEAK,False
0.08268448001476031,0.2967680398110592,0.2218387938823546,WEAK,False
0.03237527427971221,0.27688476002650275,0.1913064400151261,WEAK,False
0.0772924414531429,0.2641685796300118,0.19876193126810768,WEAK,False
0.11106263973938546,0.21446118040388978,0.17827169117131328,WEAK,False
0.03131999360574983,0.3101537142505539,0.21256191202487246,WEAK,False
0.06962240359438276,0.28656271288833035,0.2106336046354487,WEAK,False
0.030228726104517656,0.30541207793406844,0.20909790479372567,WEAK,False
0.0675641158019315,0.29473381305330965,0.2152244190153273,WEAK,False
0.029466567033597735,0.27110533261123165,0.1865317646590598,WEAK,False
0.06608262733783116,0.3398392936428177,0.2440244604360724,WEAK,False
0.030721539905402884,0.26541705213809047,0.18327362285664983,WEAK,False
0.06760336901317643,0.3241623648254162,0.2343667162911323,WEAK,False
0.06455548294346508,0.2895798842972744,0.21082134382344114,WEAK,False
0.10226561550392055,0.3404475183113916,0.25708385232877673,WEAK,False
0.03488435479985674,0.2748985077378437,0.19089355420954826,WEAK,False
0.06753248888706587,0.2387878344728316,0.17884846351781358,WEAK,False
0.03355029691150385,0.2586263719873865,0.1798497457108276,WEAK,False
0.06846031403685315,0.26856010349452186,0.19852517718433782,WEAK,False
0.034717532978861265,0.29755363310667265,0.20556099806193867,WEAK,False
0.06753032999918412,0.25238985067635067,0.18768901843934238,WEAK,False
0.029756684781436116,0.2898636558039073,0.1988262159460424,WEAK,False
0.06577307699591284,0.2788722648302092,0.20428754908820548,WEAK,False
0.03131999360574983,0.2987866833978937,0.20517334197064335,WEAK,False
0.07075272119656545,0.25240166841787914,0.18882453689041936,WEAK,False
0.11022277940822767,0.2759692354152523,0.2179579758127937,WEAK,False
0.04167618222411734,0.283265884101803,0.198709488444613,WEAK,False
0.08288329048482357,0.34826684624835025,0.25538260173111593,WEAK,False
0.047000709988885725,0.3179184724044551,0.22309725555900584,WEAK,False
0.08885406274011998,0.3482272967775145,0.25744666486442647,WEAK,False
0.040409740922266346,0.2826083852488008,0.19783885973451373,WEAK,False
0.08711857349983887,0.42137810881809573,0.30438727145670585,WEAK,False
0.034717532978861265,0.30672787013797703,0.2115242521322865,WEAK,False
0.07837702039262157,0.3543507674636946,0.257759955988819,WEAK,False
0.03647321994620761,0.3354233583247741,0.23079080989227585,WEAK,False
0.06677195946956138,0.32289445551687845,0.23325158190031747,WEAK,False
0.029756684781436116,0.2528116108214869,0.17474238670746914,WEAK,False
0.0655179140365067,0.22894424372757152,0.17174502833569882,WEAK,False
0.030462298528342646,0.25393470688422476,0.17571936395966603,WEAK,False
0.06736021852656543,0.2221800333528988,0.16799309816368213,WEAK,False
0.030052988363587663,0.25831376457401106,0.17842249290036288,WEAK,False
0.06760599001167211,0.24950779383859276,0.18584216249917054,WEAK,False
0.03932897104354116,0.27406573099511683,0.19190786501206536,WEAK,False
0.0814935904262103,0.22087640520732127,0.17209242003393244,WEAK,False
0.029490947350928,0.25300842247703914,0.17477730618290024,WEAK,False
0.0694013444942051,0.23398214043313711,0.17637886185451093,WEAK,False
0.03344373140293261,0.2558862286799862,0.17803135463301745,WEAK,False
0.06863983224998127,0.25289463338391815,0.18840545298704026,WEAK,False
0.028702234701113716,0.28151952418474036,0.193033472865471,WEAK,False
0.06857993140469765,0.2597026292016109,0.19280968497269127,WEAK,False
0.043585755781076596,0.2943853955035153,0.20660552160066173,WEAK,False
0.08210924238611222,0.2739795491709306,0.20682494179624417,WEAK,False
0.05333824869030446,0.29899781060337965,0.21301696393380334,WEAK,False
0.09717657827099724,0.2510007006943179,0.19716225784615565,WEAK,False
0.04078306703336637,0.28361340642830185,0.19862278764007443,WEAK,False
0.07917498979012627,0.24181412230867513,0.18489042592718302,WEAK,False
0.03237527427971221,0.25688225852530416,0.178304814039347,WEAK,False
0.06617385431552825,0.26891352776869204,0.19795464206008473,WEAK,False
0.0774258813572038,0.28863692440285416,0.21471305933687654,WEAK,False
0.03647321994620761,0.36904062296592394,0.25264203190902323,WEAK,False
0.043150301140431724,0.48235402507383174,0.32863272169714175,WEAK,False
0.08981979949368879,0.3318720216894314,0.2471537439209215,WEAK,False
0.09405083588259994,0.35464961915582033,0.2634400450101932,WEAK,False
0.04177492195718979,0.30136581723386985,0.21050900388703184,WEAK,False
0.08885406274011998,0.30712000867604416,0.2307269275984707,WEAK,False
0.030721539905402884,0.28929036502694216,0.19879127623440343,WEAK,False
0.06760336901317643,0.344615192014038,0.24766105396373644,WEAK,False
0.03342930294742852,0.3159375637013637,0.21705967243748642,WEAK,False
0.07838837569332702,0.317797219289578,0.23400412403089016,WEAK,False
0.029089352346149677,0.2948648298710999,0.20184341273736733,WEAK,False
0.06786559118429458,0.335842640550176,0.2420506732721175,WEAK,False
0.028702234701113716,0.28677554573933495,0.19644988687595755,WEAK,False
0.06857993140469765,0.35038421328359987,0.2517527146259841,WEAK,False
0.03640736176887249,0.27098107172288155,0.1888802732389784,WEAK,False
0.08147657726182189,0.24851603808982356,0.19005222680002298,WEAK,False
0.03640736176887249,0.28228141564949616,0.1962254967912779,WEAK,False
0.07927400239735538,0.2607272800434116,0.19721863286729194,WEAK,False
0.030462298528342646,0.29007589119723826,0.1992111337631248,WEAK,False
0.0698015792340746,0.2295741121154273,0.17365372560695386,WEAK,False
0.03932897104354116,0.254193905409167,0.17899117838119796,WEAK,False
0.04167704790595855,0.2119016176527282,0.15232301824135883,WEAK,False
0.08676759087673375,0.27386795696122856,0.20838282883165538,WEAK,False
0.047405032634476985,0.2548245623948768,0.18222772697873685,WEAK,False
0.03131999360574983,0.25963116269556374,0.1797222535141289,WEAK,False
0.0698015792340746,0.22877203395166323,0.1731323748005072,WEAK,False
0.04177492195718979,0.29035271274144286,0.2033504859669543,WEAK,False
0.08254402843020758,0.2818850503601095,0.21211569268464386,WEAK,False
0.029466567033597735,0.26306460738741905,0.1813052932635816,WEAK,False
0.06580614001130974,0.32050220005629126,0.23135857904054774,WEAK,False
0.03369831535774165,0.2894837138240755,0.19995882436085866,WEAK,False
0.0725152310510137,0.3501384027110605,0.2529702926300441,WEAK,False
0.04017976523849365,0.3163896758754762,0.2197162071525323,WEAK,False
0.07923419180746993,0.3631349835560147,0.26376970644402403,WEAK,False
0.03647321994620761,0.2996613233100894,0.20754548713273077,WEAK,False
0.0774258813572038,0.28821499645391535,0.21443880617006633,WEAK,False
0.039273546674612025,0.30837582203057357,0.21419002565598702,WEAK,False
0.07923419180746993,0.28041928304226826,0.21000450111008884,WEAK,False
0.032554289400838654,0.3044805539896987,0.20930636138359768,WEAK,False
0.0694013444942051,0.26069056013887965,0.19373933466324356,WEAK,False
0.03664827242187624,0.2825071439826809,0.19645653893639928,WEAK,False
0.0802813596436755,0.2594346658478044,0.19673100867635926,WEAK,False
0.030462298528342646,0.27986837477580595,0.1925762480891938,WEAK,False
0.06863983224998127,0.25060795339334885,0.18691911099317018,WEAK,False
0.029466567033597735,0.2747535581671796,0.18890311127042597,WEAK,False
0.06608262733783116,0.26570475423732126,0.1958370098224997,WEAK,False
0.030462298528342646,0.3079113590418608,0.21080418786212946,WEAK,False
0.06753248888706587,0.26363940792813745,0.19500198626376242,WEAK,False
0.043150301140431724,0.2876810682691332,0.2020952997740877,WEAK,False
0.09442449944836173,0.25456895675015273,0.1985183966945259,WEAK,False
0.10597262555536818,0.27856579336896753,0.21815818463420777,WEAK,False
0.10679800677137724,0.2588346272948752,0.20562181011165093,WEAK,False
0.1575200775234215,0.33347690999931795,0.2718920186327542,WEAK,False
0.1526376423417824,0.33342689590197655,0.27015065715590864,WEAK,False
0.1347692516819165,0.37174604201701883,0.288804165399733,WEAK,False
0.1321705598744839,0.3938380510249757,0.3022544291223036,WEAK,False
0.1439407775993844,0.3377830545017002,0.2699382575858897,WEAK,False
0.16029594072036552,0.2493611008166747,0.21818829478296647,WEAK,False
0.19199544863083678,0.2309185815643045,0.21729548503759077,WEAK,False
0.21499214641731595,0.19802839317554602,0.2090548327826965,WEAK,False
0.23287842812603193,0.13349400838169553,0.1980938812155142,WEAK,False
0.25217843722832406,0.14310967247871573,0.21400436956596114,WEAK,False
0.27110775280921945,0.10777712231377455,0.21394203213581373,WEAK,False
0.2777985529525437,0.13801888648865368,0.2288756696901822,WEAK,False
0.10511178120929326,0.19070055172640657,0.16074448204541691,WEAK,False
0.2886500264223491,0.3401017223229812,0.32209362875776,WEAK,False
0.29173630495317965,0.4945223058502678,0.42354720553628694,MODERATE,False
0.2951796559315431,0.5862397771110135,0.48436873469819886,MODERATE,False
0.2995101369850757,0.6820395652004257,0.5481542653250533,MODERATE,False
0.11788104190567894,0.7660599126633141,0.5391973078981418,MODERATE,False
0.11226563376971932,0.8571654983673559,0.5964505457581831,STRONG,False
0.09706286332048675,0.8853294619028284,0.6094361523990088,STRONG,False
0.11141301702674528,0.8754591281213925,0.6080429892382659,STRONG,True
0.11466662088978896,0.865569659405127,0.6027535959247586,STRONG,True
0.11397258372440366,0.7747759409617497,0.5434947659286786,MODERATE,True
0.10347577825817095,0.6900522607849214,0.4847504919005588,MODERATE,True
0.11335503652270068,0.6062677331250328,0.43374828931421655,MODERATE,True
0.09636986514280549,0.4968724365293713,0.35669653654407324,WEAK,False
0.10697311784669294,0.3242425705032756,0.24819826207347168,WEAK,False
0.0995435614942572,0.09624793543111898,0.09839009237215882,WEAK,False
0.09929774782214867,0.07272715980189651,0.08999804201506043,WEAK,False
0.0998370863918448,0.07842436257939922,0.09234263305748885,WEAK,False
0.030462298528342646,0.08196305268001261,0.06393778872692812,WEAK,False
0.06702363614727941,0.09697180380686644,0.08648994512601098,WEAK,False
0.1191792668095637,0.11755777176836339,0.11861174354514359,WEAK,False
0.03355029691150385,0.16254462001841244,0.11739660693099443,WEAK,False
0.07700837228497098,0.20567915872976822,0.16064438347408921,WEAK,False
0.030462298528342646,0.2181656541858833,0.1524694797057441,WEAK,False
0.06726949839603819,0.23044227939675693,0.1733318060465054,WEAK,False
0.10869051102042143,0.2550536179991279,0.20382653055658062,WEAK,False
0.10599570775496042,0.30809484825206296,0.2373601490780771,WEAK,False
0.11534974301442874,0.3236480738439406,0.2507436580536115,WEAK,False
0.04626267407419005,0.3579168082879213,0.24883786131311536,WEAK,False
0.08981979949368879,0.3557687014813507,0.26268658578566906,WEAK,False
0.0354548151390463,0.32189609680846965,0.22164164822417148,WEAK,False
0.07078832762220894,0.31175594784048094,0.22741728076408574,WEAK,False
0.04177492195718979,0.16988948229500983,0.12504938617677283,WEAK,False
0.08278913614136818,0.27065978808130403,0.2049050599023265,WEAK,False
0.028099676668776608,0.2243763199376679,0.15567949479355597,WEAK,False
0.06826566102133375,0.2772056801619319,0.20407667346272257,WEAK,False
0.10809407146788569,0.2704490814741505,0.2136248279719578,WEAK,False
0.029756684781436116,0.392205112893858,0.26534816305451037,WEAK,False
0.07917498979012627,0.3767409480844797,0.27259286268145605,WEAK,False
0.047000709988885725,0.31168369899111276,0.2190446528403333,WEAK,False
0.07690181930918516,0.35434949907431346,0.25724281115651854,WEAK,False
0.029756684781436116,0.30284514690040526,0.20726418515876607,WEAK,False
0.0655179140365067,0.4151755820768607,0.2927953982627368,WEAK,False
0.05435301864597458,0.2934471543488363,0.2097642068528347,WEAK,False
0.06796098309991316,0.3417577686471234,0.24592889370559984,WEAK,False
0.042282708924193335,0.3251695253996392,0.22615913963323317,WEAK,False
0.08981979949368879,0.32513293888840905,0.24277334010025697,WEAK,False
0.11624589952300962,0.2696376628131159,0.21595054566157873,WEAK,False
0.029089352346149677,0.27369459255543255,0.18808275848218353,WEAK,False
0.06937086068562709,0.3461659498375107,0.24928766863435145,WEAK,False
0.05333824869030446,0.324679551845552,0.22971009574121534,WEAK,False
0.09678180965107919,0.307724318614007,0.23389444047698227,WEAK,False
0.03131999360574983,0.2680848176453035,0.18521712923145972,WEAK,False
0.07670256568425982,0.3601385875356569,0.2609359798876679,WEAK,False
0.03369831535774165,0.30345915004185214,0.2090428579024135,WEAK,False
0.06860699446831608,0.39516135398499236,0.28086732815415566,WEAK,False
0.040409740922266346,0.3489512098903199,0.24096169575150117,WEAK,False
0.07341351721266087,0.41313549442533404,0.29423280240089844,WEAK,False
0.03135131262201707,0.32199413463941085,0.22026914693332303,WEAK,False
0.2008498608379547,0.2951380833994183,0.2621372055029061,WEAK,False
0.030462298528342646,0.465097150833721,0.3129749525268386,WEAK,False
0.0681456344933502,0.4843586316849494,0.3386840826678897,WEAK,False
0.10622918837229656,0.47045893400421335,0.3429785230330425,WEAK,False
0.13962598054825315,0.4233107219458475,0.3240210624566895,WEAK,False
0.030052988363587663,0.47628317651438073,0.32010261066160317,WEAK,False
0.06760599001167211,0.5098695266109936,0.3550772888012311,WEAK,False
0.029089352346149677,0.4826975783501969,0.3239346992487804,WEAK,False
0.06752719961685183,0.42631054096362125,0.30073637149225196,WEAK,False
0.1349153873738851,0.35463253090377944,0.27773153066831646,WEAK,False
0.09608468543721066,0.49623716519232003,0.35618379727803173,WEAK,False
0.10803730532728156,0.36321465100311007,0.2739025800165701,WEAK,False
0.12044268414880444,0.3224134698762895,0.25172369487166973,WEAK,False
0.029807264248802867,0.3515715863757267,0.2389540736313034,WEAK,False
0.06556051786006722,0.3775696903267991,0.268366479963443,WEAK,False
0.10648810261065678,0.29682500783999766,0.23020709100972836,WEAK,False
0.03131999360574983,0.21789011107694436,0.1525905699620263,WEAK,False
0.06962240359438276,0.24880158523935642,0.18608887166361562,WEAK,False
0.1234591625646761,0.21042534839387705,0.1799871833536567,WEAK,False
0.10152434492393536,0.224142176931594,0.18122593572891346,WEAK,False
0.11192872847368263,0.3190913819142892,0.2465844532100769,WEAK,False
0.11357797265308661,0.3900735053034939,0.29330006887585136,WEAK,False
0.10459029216527649,0.39822667092852837,0.2954539383613902,WEAK,False
0.03488435479985674,0.369272586435232,0.25223670536285064,WEAK,False
0.06752719961685183,0.36003027126716675,0.25765419618955654,WEAK,False
0.029089352346149677,0.25450949820873914,0.17561244715683283,WEAK,False
0.07955960497854103,0.25546459657289106,0.19389784951486855,WEAK,False
0.10617222783692498,0.15819958659695882,0.139990011030947,WEAK,False
0.10404177311695256,0.23762632728318814,0.19087173332500568,WEAK,False
0.03369831535774165,0.2701333371173252,0.18738107950147093,WEAK,False
0.07248103613219209,0.3079548829143396,0.225539036540588,WEAK,False
0.03441549256641169,0.2964114833983631,0.20471288660718012,WEAK,False
0.06732847234740819,0.3606432329700177,0.2579830667521044,WEAK,False
0.10511178120929326,0.28960010039456585,0.22502918867972044,WEAK,False
0.030052988363587663,0.24924210677994563,0.17252591533422035,WEAK,False
0.06760599001167211,0.3409437163812161,0.24527551215187574,WEAK,False
0.035236974493658535,0.33627339811882473,0.23091064985001658,WEAK,False
0.0998007325293912,0.32430190477646526,0.24572649448998934,WEAK,False
0.06144426471600328,0.32393799098266685,0.2320651867893346,WEAK,False
0.07632270883044628,0.3825270415104092,0.2753555250724222,WEAK,False
0.11624589952300962,0.2735278248161539,0.21847915096355341,WEAK,False
0.04017976523849365,0.3988085030234972,0.273288444798746,WEAK,False
0.09512259435311016,0.4336350258440789,0.31515567482223983,WEAK,False
0.030462298528342646,0.3749878249878341,0.2544038907270121,WEAK,False
0.13233776990910479,0.3185113201721638,0.25335057758009316,WEAK,False
0.09950143971013908,0.26481929708779817,0.20695804700561748,WEAK,False
0.06047896037610406,0.4663542287184283,0.3242978847986148,WEAK,False
0.1056796335700228,0.5425278686499941,0.38963098637200416,MODERATE,False
0.06483112380620898,0.49527956960280356,0.3446226135739955,WEAK,False
0.08239676390096318,0.4461890058552027,0.31886172117121886,WEAK,False
0.1295791552155217,0.4512392839265331,0.33865823887767915,WEAK,False
0.3941110127876149,0.39204027979149325,0.3933862562389723,MODERATE,False
0.414608418492973,3.4399653078282704,2.3810903965609165,STRONG,False
0.028099676668776608,10.322475443068194,6.719443924828398,STRONG,True
0.06934352211370498,10.021423840245737,6.538195728899526,STRONG,True
0.07672891196192655,10.082362929655286,6.58039102346261,STRONG,True
0.030462298528342646,10.219850199451153,6.65356443412817,STRONG,True
0.11607453715927263,10.324919063542882,6.751823479308619,STRONG,True
0.06962240359438276,10.436515648531138,6.808103012803274,STRONG,True
0.09257478874519365,10.508660409095706,6.863030441973026,STRONG,True
0.0834272785604529,10.446976556525842,6.8197343092379565,STRONG,True
0.07454120588423613,10.444868202979938,6.815253753996442,STRONG,True
0.03342930294742852,7.764841099123875,5.058846970462119,STRONG,True
0.10384826587308238,0.4508415457224116,0.3293938977751463,WEAK,True
0.10384826587308238,0.4985772800725574,0.36042212510274113,WEAK,True
0.10338899160243675,0.43555944845241884,0.31929978855492513,WEAK,True
0.029490947350928,0.4249723569626936,0.28655386359857565,WEAK,False
0.06790881508796937,0.4123742392854853,0.29181134081635474,WEAK,False
0.032554289400838654,0.32374070698557095,0.22182546083091464,WEAK,False
0.0694013444942051,0.2817341681905174,0.2074176798968081,WEAK,False
0.09675231088715813,0.2713475754998528,0.21023923288540966,WEAK,False
0.1080511016963151,0.30334522175628564,0.23499227973529596,WEAK,False
0.11301877648952252,0.3206699731423259,0.24799205431384472,WEAK,False
0.036452556843796,0.30077491958706765,0.20826209262692258,WEAK,False
0.06845810198608443,0.4024805655424388,0.2855727032977148,WEAK,False
0.12762116438306442,0.4273388136207687,0.3224376363875722,WEAK,False
0.0989818434285098,0.34460451387618146,0.25863657921949634,WEAK,False
0.02906347579734586,0.27437866034527647,0.18851834575350077,WEAK,False
0.07917498979012627,0.41866883536946253,0.2998459894166949,WEAK,False
0.10702477991012788,0.44203673628415846,0.32478255155324776,WEAK,False
0.03488435479985674,0.2966522439583498,0.20503348275287725,WEAK,False
0.07690181930918516,0.3282630330676709,0.24028660825220088,WEAK,False
0.04177492195718979,0.3374874509231153,0.23398806578504136,WEAK,False
0.08028288198869138,0.3404060609898124,0.24936294833942005,WEAK,False
0.029756684781436116,0.3287164221185595,0.22408051405056634,WEAK,False
0.0655179140365067,0.3300815813500553,0.23748429779031327,WEAK,False
0.09288995203176897,0.30468300908584567,0.2305554391169188,WEAK,False
0.032874418474077294,0.35588701966283137,0.24283260924676747,WEAK,False
0.07733422927428107,0.3506509598311416,0.2549901041362404,WEAK,False
0.20923066782426097,0.3049356729132298,0.2714389211320907,WEAK,False
0.0685753795017261,0.3848734792655094,0.2741691443481853,WEAK,False
0.03369831535774165,0.6916424102786065,0.46136197705630383,MODERATE,False
0.11466787839800824,0.5313298907415271,0.3854981864212955,MODERATE,False
0.19158873240125057,0.40145546759305745,0.3280021102759251,WEAK,False
0.029089352346149677,0.511377230783179,0.34257647333021873,WEAK,False
0.14243872045039202,0.4822597506529109,0.36332239008202927,WEAK,False
0.11354821147687877,0.3885820615941607,0.29232021405311204,WEAK,False
0.030462298528342646,0.47823413026172057,0.3215139891550383,WEAK,False
0.07977075606609119,0.3751279785383781,0.2717529506730777,WEAK,False
0.03640736176887249,0.37875669490612085,0.25893442830808394,WEAK,False
0.06845810198608443,0.3464424284679128,0.24914791419927285,WEAK,False
0.15071594947981704,0.3023674476114196,0.2492894232653587,WEAK,False
0.04017976523849365,0.36243053701217604,0.2496427668913872,WEAK,False
0.08028288198869138,0.35988548205853155,0.26202457203408747,WEAK,False
0.03488435479985674,0.33971396633899037,0.23302360230029362,WEAK,False
0.0766180143412229,0.4030423757068385,0.288793849228873,WEAK,False
0.21415234509560382,0.3031290622295276,0.2719872112326543,WEAK,False
0.10926000131005476,0.468444023086088,0.34272961546447633,WEAK,False
0.09947742142976884,0.3933904625914929,0.2905208981848895,WEAK,False
0.11841077308944697,0.44008879567845255,0.3275014877723006,WEAK,False
0.031252275787595096,0.5363455723974855,0.3595629185840239,WEAK,False
0.15012154372882414,0.3891611827259526,0.30549730907695766,WEAK,False
0.02920895024966297,0.35781261310783524,0.24280133110747495,WEAK,False
0.08278913614136818,0.29429822595440014,0.22027004451983898,WEAK,False
0.09775014164937901,0.2937639945710056,0.2251591460484363,WEAK,False
0.028099676668776608,0.2875937009931824,0.19677079247964036,WEAK,False
0.13845401366308813,0.3578941251904254,0.2810900861558574,WEAK,False
0.029807264248802867,0.32032074641486574,0.21864102765674373,WEAK,False
0.06559633300729062,0.3400629984500497,0.24399966554508404,WEAK,False
0.030462298528342646,0.28492681378195456,0.1958642334431904,WEAK,False
0.06726949839603819,0.34410820646260987,0.2472146586393098,WEAK,False
0.047000709988885725,0.2596788435528013,0.18524149680543084,WEAK,False
0.08885406274011998,0.3215638683589636,0.24011543639236835,WEAK,False
0.03309174372473689,0.2834466346631768,0.19582242283472284,WEAK,False
0.07733422927428107,0.3183199596361973,0.23397495400952664,WEAK,False
0.03498134985523044,0.25703545499924146,0.17931651819883762,WEAK,False
0.07690181930918516,0.21632786010950555,0.16752874582939342,WEAK,False
0.03437881764615208,0.2386162469347425,0.16713314668373586,WEAK,False
0.07852287753784282,0.23287626288959795,0.17885257801648366,WEAK,False
0.09948131372016894,0.2621442438782622,0.20521221832292957,WEAK,False
0.029466567033597735,0.2433725055770585,0.16850542708684724,WEAK,False
0.06608262733783116,0.3060707282316974,0.22207489291884422,WEAK,False
0.03369831535774165,0.30457495601283063,0.20976813178354947,WEAK,False
0.07063205902939551,0.3010811568005168,0.22042397258062435,WEAK,False
0.029756684781436116,0.24637123437869934,0.17055614201965724,WEAK,False
0.0655179140365067,0.33654735425285365,0.2416870501771322,WEAK,False
0.15016732962682583,0.26896533285524854,0.22738603172530059,WEAK,False
0.10266757577831914,0.38854106957222406,0.28848534674435733,WEAK,False
0.08277355340502773,0.39462544696851837,0.2854772842212967,WEAK,False
0.08873626575586513,0.4564363958467866,0.3277413503149641,WEAK,False
0.029089352346149677,0.38655090869762815,0.2614393639746107,WEAK,False
0.06786559118429458,0.3454138083000601,0.24827193230954217,WEAK,False
0.03488435479985674,0.3216756967579123,0.22129872707259285,WEAK,False
0.0766180143412229,0.22487633915189062,0.17298592546815694,WEAK,False
0.03441549256641169,0.2494222824303304,0.17416990597795884,WEAK,False
0.0774258813572038,0.21668813475539236,0.16794634606602638,WEAK,False
0.02920895024966297,0.2217686135963637,0.15437273142501845,WEAK,False
0.06796098309991316,0.2521851085778722,0.18770666466058653,WEAK,False
0.03640736176887249,0.22643110301256827,0.15992279357727476,WEAK,False
0.07927400239735538,0.3241563422948951,0.2384475233307562,WEAK,False
0.03309174372473689,0.24546783822757043,0.1711362051515787,WEAK,False
0.07733422927428107,0.21718877429071815,0.16823968353496518,WEAK,False
0.03342930294742852,0.24905238154510653,0.17358430403591923,WEAK,False
0.07733422927428107,0.2153542419722673,0.16704723752797213,WEAK,False
0.11906811064997652,0.24445247426432742,0.2005679469993046,WEAK,False
0.047000709988885725,0.2777348048912105,0.19697787167539682,WEAK,False
0.08288329048482357,0.3181224016789115,0.23578871276098073,WEAK,False
0.030462298528342646,0.3006797142240594,0.20610361873055857,WEAK,False
0.06828974943678606,0.3016995337515999,0.2200061092414151,WEAK,False
0.0354548151390463,0.26275792837791934,0.18320183874431378,WEAK,False
0.07251148433481924,0.3500691354408268,0.25292395755372415,WEAK,False
0.03815757714056628,0.26805095362298825,0.18758827185414056,WEAK,False
0.08239676390096318,0.3250319843225897,0.24010965717502042,WEAK,False
0.1079409833321961,0.28438107195156465,0.22262704093478566,WEAK,False
0.03647321994620761,0.3455216930098821,0.23735472743759606,WEAK,False
0.0774258813572038,0.300756529159457,0.22259080242866838,WEAK,False
0.05207842279717878,0.278449227749346,0.1992194460160875,WEAK,False
0.14788861372772766,0.25726133961539904,0.21898088555471407,WEAK,False
0.03743476336254309,0.20971135729055598,0.14941454941575147,WEAK,False
0.08288329048482357,0.3042936610496908,0.22680003135198729,WEAK,False
0.03932897104354116,0.22886288381038955,0.16252601434199263,WEAK,False
0.07951976744424122,0.30380465382690097,0.22530494359297007,WEAK,False
0.030462298528342646,0.2640395138456476,0.1822874884845909,WEAK,False
0.06702363614727941,0.3383408304045026,0.24337981241447448,WEAK,False
0.09727468573047693,0.25712664348733194,0.2011784582724327,WEAK,False
0.03355029691150385,0.2976040323537002,0.2051852249489315,WEAK,False
0.07615061063832995,0.33171430317426537,0.242267010786688,WEAK,False
0.032874418474077294,0.30802913062190285,0.21172498137016393,WEAK,False
0.07733422927428107,0.3083223172523757,0.2274764864600426,WEAK,False
0.11447964493500468,0.26805886077176255,0.2143061352288973,WEAK,False
0.09903755242416606,0.3802844101374457,0.2818480099377978,WEAK,False
0.14838479246803638,0.3168841885896767,0.2579093999471026,WEAK,False
0.16647965013324145,0.3694298629177841,0.2983972884431942,WEAK,False
0.11352910170846736,0.4041969429968947,0.3024631985459451,WEAK,False
0.10428581659032665,0.34791606294321226,0.2626454767197023,WEAK,False
0.058517950042443256,0.3122506717653109,0.22344421916230725,WEAK,False
0.16528891273276264,0.2317914688116404,0.2085155741840332,WEAK,False
0.10706217975747068,0.2410094654202696,0.19412791543828997,WEAK,False
0.1234591625646761,0.19031053660781533,0.1669125556927166,WEAK,False
0.03640736176887249,0.22340990624660995,0.15795901567940185,WEAK,False
0.08239676390096318,0.33856952674059265,0.24890905974672234,WEAK,False
0.11624589952300962,0.3028502907648152,0.23753875383018325,WEAK,False
0.09274272331816491,0.29975011685889186,0.22729752911963744,WEAK,False
0.10481413011009377,0.33459143883591624,0.2541693807818784,WEAK,False
0.030462298528342646,0.34411456821144554,0.23433627382235955,WEAK,False
0.06849448374144879,0.3250876047323432,0.23528001238553017,WEAK,False
0.09680522378822842,0.3089460725719423,0.23469677549764242,WEAK,False
0.030462298528342646,0.23454810742082946,0.1631180743084591,WEAK,False
0.06828974943678606,0.2775257513070649,0.20429315065246734,WEAK,False
0.02906347579734586,0.29270213079657503,0.20042860154684483,WEAK,False
0.06844312241118461,0.26280343795235594,0.194777327512946,WEAK,False
0.028702234701113716,0.24995933711306556,0.1725193512688824,WEAK,False
0.0684939089425865,0.27044161456219457,0.19975991759533174,WEAK,False
0.0354548151390463,0.25718319709574383,0.17957826341089972,WEAK,False
0.07341351721266087,0.3156184297376508,0.23084671035390436,WEAK,False
0.037852832367472,0.2822656491010119,0.1967211632442729,WEAK,False
0.08254402843020758,0.3394326194573353,0.24952161259784061,WEAK,False
0.03640736176887249,0.2680385682485067,0.18696764598063473,WEAK,False
0.08048895833311215,0.23735377726261722,0.18245109063729045,WEAK,False
0.15673616431936394,0.25682013123874076,0.22179074281695887,WEAK,False
0.10216787467840649,0.25234652995938106,0.19978400061103996,WEAK,False
0.03369831535774165,0.32217644354136715,0.22120909867709826,WEAK,False
0.06790881508796937,0.3161319632257765,0.22925386137754403,WEAK,False
0.10279633091353813,0.34745293261247534,0.2618231220178473,WEAK,False
0.03441549256641169,0.2998308911389332,0.20693550163855068,WEAK,False
0.06845810198608443,0.3544763431508528,0.25436995874318385,WEAK,False
0.06563640724017894,0.24628063887818388,0.18305515780488216,WEAK,False
0.06608262733783116,0.3398050927925757,0.2440022298834151,WEAK,False
0.09592986434946121,0.3406459078076596,0.25499529259729015,WEAK,False
0.17893009451280223,0.30551458899131756,0.2612100159238372,WEAK,False
0.1328375996799055,0.28824213814231286,0.2338505496804703,WEAK,False
0.3014908217039099,0.3987175624389848,0.3646882031817086,WEAK,False
0.08499584468542187,0.4262191203504385,0.30679097386768267,WEAK,False
0.08499584468542187,0.46290677653931533,0.33063795039045263,WEAK,False
0.08499584468542187,0.3973953319717021,0.28805551142150404,WEAK,False
0.08583747021022936,0.3890862338284343,0.2829491665620626,WEAK,False
0.08583747021022936,0.3498744749639394,0.2574615233001409,WEAK,False
0.08499584468542187,0.31020121555252594,0.23137933574903952,WEAK,False
0.2037196900368195,0.29809110291271573,0.26506110840615205,WEAK,False
0.03932897104354116,0.2410948708934756,0.17047680594599857,WEAK,False
0.0814935904262103,0.2466892276246332,0.18887075460518515,WEAK,False
0.09237675779599108,0.21281918367215005,0.1706643346154944,WEAK,False
0.09782937896119631,0.21833648857168608,0.17615900020801467,WEAK,False
0.03131999360574983,0.2631283730546332,0.181995440247524,WEAK,False
0.06962240359438276,0.27728532610879447,0.20460330322875037,WEAK,False
0.10157245858037645,0.3241708887181882,0.2462614381699541,WEAK,False
0.07603525919707904,0.45481525989715754,0.3222422596521301,WEAK,False
0.08719640818859525,0.516741946859821,0.366401008324892,MODERATE,False
0.10562077408007542,0.4254349364023574,0.3134999795895587,WEAK,False
0.08773932875212748,0.37455149794789305,0.2741672387293751,WEAK,False
0.09381524078298936,0.3713898515586399,0.27423873778716223,WEAK,False
0.10650446335104341,0.21472551718832059,0.17684814834527357,WEAK,False
0.09943495489050053,0.23993598715468195,0.19076062586221842,WEAK,False
0.07509577197650902,0.22908523398827707,0.17518892228415825,WEAK,False
0.1171476094879827,0.1443914286040648,0.13485609191343606,WEAK,False
0.1173877061734166,0.07408681605627193,0.10223239463241596,WEAK,False
0.0767998585898037,0.07477398779581912,0.07609080381190911,WEAK,False
0.08840649521955263,0.08786358039829784,0.08821647503211345,WEAK,False
0.1551943519481993,0.09013834276106511,0.13242474873270235,WEAK,False
0.08860693059142721,0.12207676050771969,0.11036232003701733,WEAK,False
0.07672891196192655,0.12545860896163777,0.10840321501173886,WEAK,False
0.0764124910806338,0.10251470808179615,0.09337893213138933,WEAK,False
0.1293503610752677,0.11766459118790995,0.1252603416146925,WEAK,False
0.08872182212698404,0.1551163966215372,0.1318782955484436,WEAK,False
0.088457576305841,0.16683313837338742,0.13940169164974617,WEAK,False
0.088457576305841,0.13302778427284764,0.11742821148439532,WEAK,False
0.03369831535774165,0.10083030565408055,0.07733410905036193,WEAK,False
0.06845810198608443,0.11929912919874283,0.10150476967431239,WEAK,False
0.15297705438329035,0.1421734394636277,0.1491957891614084,WEAK,False
0.0871365000481002,0.1308654690079175,0.11556032987198145,WEAK,False
0.08739993622574782,0.20994094902148985,0.16705159454298013,WEAK,False
0.0871365000481002,0.20958518923370606,0.166728148018744,WEAK,False
0.09848232285415554,0.23108139955891788,0.18467172271225105,WEAK,False
0.22195847057082924,0.23286221217871672,0.2290459026159561,WEAK,False
0.10774622867814632,0.290973025223761,0.22684364643279586,WEAK,False
0.1559810443444572,0.3805233486578467,0.30193354214816037,WEAK,False
0.17206754821182751,0.387263329519346,0.31194480606171454,WEAK,False
0.10186400582130939,0.3727132390441808,0.27791600741617584,WEAK,False
0.10400538649206542,0.41808605190316334,0.3081578190092791,WEAK,False
0.12463143149421602,0.372497978506716,0.285744687052341,WEAK,False
0.11624589952300962,0.4161549197913664,0.3111867626974415,WEAK,False
0.17486762657690474,0.4457819646788804,0.35096194634318895,WEAK,False
0.030462298528342646,0.3779150226334472,0.2563065691966606,WEAK,False
0.1299379564423192,0.35986223553732605,0.2793887378540737,WEAK,False
0.03369831535774165,0.23397262178435616,0.1638766145350411,WEAK,False
0.07063205902939551,0.23845780751508847,0.17971879554509593,WEAK,False
0.10124418690872639,0.1976478043391526,0.16390653823850343,WEAK,False
0.03342930294742852,0.2799968666878679,0.19369821937871412,WEAK,False
0.07637206514275519,0.3251693073537375,0.2380902725798937,WEAK,False
0.047000709988885725,0.354511625167313,0.24688280485486347,WEAK,False
0.08676759087673375,0.2940673982368784,0.22151246566082775,WEAK,False
0.14588255884605228,0.31946702367875,0.2587124609873058,WEAK,False
0.13786028778203024,0.4314048359857052,0.32866424411441897,WEAK,False
0.12855729822294293,0.3961290443628778,0.3024789332139006,WEAK,False
0.1544324812580864,0.4140568315723813,0.32318830896237816,WEAK,False
0.1698253355396096,0.36552205743830607,0.2970282047737623,WEAK,False
0.15351471328150268,0.3011064779565963,0.24944936032031353,WEAK,False
0.12139857774049206,0.28286723339129605,0.22635320391351466,WEAK,False
0.16361108525639106,0.255241536047038,0.22317087827031157,WEAK,False
0.12956920869154598,0.21496891148946448,0.185079015510193,WEAK,False
0.14437117932988497,0.18189885167162903,0.1687641663520186,WEAK,False
0.12956920869154598,0.15068827085468076,0.14329659909758358,WEAK,False
0.1679855093049722,0.15845650844483755,0.16465035900392505,WEAK,False
0.14437117932988497,0.211822313315976,0.18821441642084413,WEAK,False
0.12956920869154598,0.21749373792313534,0.18672015269207906,WEAK,False
0.15493682050597052,0.16983326034658383,0.16461950640236916,WEAK,False
0.13890183761386793,0.12656355260000082,0.13458343785901444,WEAK,False
0.15493682050597052,0.11937553178877859,0.14249036945495336,WEAK,False
0.13890183761386793,0.12785578882171386,0.135035720536614,WEAK,False
0.15631689364987555,0.11766591635289511,0.1427890515959324,WEAK,False
0.13890183761386793,0.12055781518350042,0.1324814297632393,WEAK,False
0.08532142270951992,0.10967952542935662,0.10115418947741378,WEAK,False
0.20448641170841336,0.12351784372540552,0.1761474129143606,WEAK,False
0.10455158491539307,0.10840527031282182,0.10705648042372176,WEAK,False
0.14773977890132756,0.24571708829737163,0.2114250300087562,WEAK,False
0.053781168494820064,0.18308645458025122,0.1378296044503503,WEAK,False
0.19310180119985226,0.30527622030483337,0.26601517361808996,WEAK,False
0.06365076549384996,0.3229209448324134,0.23217638206391622,WEAK,False
0.182119566053141,0.3674060938482146,0.30255580911993885,WEAK,False
0.0638008715154354,0.33365639063713487,0.23920695894454008,WEAK,False
0.14640121931807443,0.44633150054406007,0.34135590211496514,WEAK,False
0.06810402806589733,0.3407366179232592,0.24531521147318255,WEAK,False
0.05496198809087405,0.27989038011254613,0.2011654429049609,WEAK,False
0.17518695297294812,0.3505849349439445,0.28919564125409575,WEAK,False
0.13597481460084493,0.2858712376491124,0.23340748958221877,WEAK,False
0.11866806933118118,0.33214349040488295,0.25742709302908734,WEAK,False
0.13078847435917246,0.349024419059575,0.2726418384144341,WEAK,False
0.1168446532208246,0.35719070680236353,0.2730695880488249,WEAK,False
0.06057220319767043,0.33933439422304146,0.2417676273641616,WEAK,False
0.14114119081951815,0.3255662635022835,0.26101748806331565,WEAK,False
0.15213559015495492,0.32394269611084064,0.26381020902628066,WEAK,False
0.11827728099518559,0.2635563061425092,0.21270864734094594,WEAK,False
0.055540037995188474,0.360233363236748,0.2535906994022022,WEAK,False
0.17448662818102217,0.3169348137230405,0.26707794878333413,WEAK,False
0.13327742422764682,0.30004136899758654,0.24167398832810763,WEAK,False
0.11827728099518559,0.3281911399419127,0.2547212893105582,WEAK,False
0.13327742422764682,0.3860034180220059,0.2975493201939802,WEAK,False
0.11827728099518559,0.44603837720606987,0.33132199353226033,WEAK,False
0.13477976775962652,0.4058686063533156,0.31098751284552445,WEAK,False
0.11827728099518559,0.3381107536654906,0.26116903823088383,WEAK,False
0.13327742422764682,0.2664211655917271,0.21982085611429902,WEAK,False
0.14438866482916546,0.25242271180846576,0.21461079536571065,WEAK,False
0.11827728099518559,0.24060186368151149,0.19778825974129743,WEAK,False
0.08064945124738815,0.18076786957912536,0.14572642316301734,WEAK,False
0.1913846800919366,0.14004111547375753,0.17341443247557392,WEAK,False
0.3181051276570415,0.14757455752612286,0.25841942811122,WEAK,False
0.07188226202694675,0.3339179100880633,0.24220543326667252,WEAK,False
0.17712378382966615,0.41049873396903536,0.3288175014202561,WEAK,False
0.09778166208238825,0.42474963013338546,0.31031084131553643,WEAK,False
0.3926763508662621,0.563802516527349,0.5039083585459686,MODERATE,False
0.05796459714932051,0.9858976094950461,0.6611210551740421,STRONG,False
0.11244309501411742,1.2199951620278122,0.832351938573019,STRONG,True
0.21144325813999193,1.2168115272487159,0.8649326330606626,STRONG,True
0.05939968898213338,1.3418524205684503,0.8929939645132394,STRONG,True
0.17740720542400518,1.3256826623331968,0.9237862524149798,STRONG,True
0.23346183326269093,1.3457955679000757,0.956478760776991,STRONG,True
0.23750186413160151,1.1766564872010243,0.8479523691267263,STRONG,True
0.27444564965771906,1.0849106547320897,0.80124790295606,STRONG,True
0.15601196547828095,1.2323617463389065,0.8556393230376875,STRONG,True
0.08627581181871924,1.2171731483954484,0.8213590805935933,STRONG,True
0.19037383451873352,0.5041696199029764,0.3943410950184914,MODERATE,True
0.19037383451873352,0.5574391539385629,0.42896629214162263,MODERATE,True
0.2591614969839045,0.5509621470059938,0.4488319194982625,MODERATE,True
0.16346277457216424,0.45835271905399905,0.3551412384853569,WEAK,False
0.16346277457216424,0.36144024916048584,0.29214813305457327,WEAK,False
0.23846282100998545,0.3556788409339201,0.31465323396054296,WEAK,False
0.16823034091105898,0.32038342142963616,0.26712984324813416,WEAK,False
0.16823034091105898,0.3281953602561474,0.27220760348536643,WEAK,False
0.14059109793432295,0.22654905835258193,0.1964637722061913,WEAK,False
0.14059109793432295,0.20997515392669558,0.18569073432936517,WEAK,False
0.2491780582023882,0.12118138763348976,0.20437922350327375,WEAK,False
0.27824311565569076,0.15004499781751524,0.23337377441232934,WEAK,False
0.15579408423587887,0.1424402554790227,0.1511202441709792,WEAK,False
0.3340990622720423,0.1581398278021447,0.2725133302075781,WEAK,False
0.3340990622720423,0.5874920874212384,0.49880452861901975,MODERATE,False
0.3340990622720423,0.6803269693037927,0.5591472018426801,MODERATE,False
0.3340990622720423,0.7068430185165429,0.5763826338309677,STRONG,False
0.3340990622720423,0.8056943800007833,0.640636018795724,STRONG,False
0.3340990622720423,1.0446720520685442,0.7959715056397685,STRONG,True
0.3340990622720423,1.4802629461615453,1.0791055868002193,STRONG,True
0.3340990622720423,2.1247445570184356,1.4980186338571981,STRONG,True
0.3340990622720423,2.885025616471658,1.9922013225017925,STRONG,True
0.3367839471336786,3.7655201663274545,2.565462489609633,STRONG,True
0.35150775888752545,4.920066611917908,3.321071013357274,STRONG,True
0.351977613427001,4.545022483015762,3.077456778659696,STRONG,True
0.35248822021794707,4.171466175394878,2.834823891082952,STRONG,True
0.05948226835980902,3.7687620383257063,2.4705141188376425,STRONG,True
0.15610070292251993,5.689197820427508,3.7526138293007625,STRONG,True
0.14938117204424128,4.990404140781398,3.2960461017233933,STRONG,True
0.32446782412060443,3.7613859269547567,2.5584645909628034,STRONG,True
0.37913974553522906,3.345133382149781,2.3070356093346875,STRONG,True
0.37913974553522906,4.3201566276325725,2.9408007188985024,STRONG,True
0.16659843757860376,4.02912533990208,2.677240924088864,STRONG,True
0.3728505036321628,3.3663157254185454,2.3186028977933115,STRONG,True
0.38112832690250004,3.0095252815674556,2.089586347434721,STRONG,True
0.38112832690250004,2.284932393438781,1.6186009701510828,STRONG,True
0.38112832690250004,1.8237001337543648,1.3188000013562122,STRONG,True
0.3150257786821719,2.1440984048033243,1.5039229856609209,STRONG,True
0.27022905109031253,2.541604034404675,1.7466227902446483,STRONG,True
0.37195840343617254,2.97110033381498,2.0614006581823974,STRONG,True
0.37195840343617254,4.171977649812147,2.841970913580556,STRONG,True
0.10548337973819388,3.565990965944103,2.354813310772035,STRONG,True
0.11001430161581921,3.5278272794345673,2.3315927371980054,STRONG,True
0.10917143618222386,3.122506524273015,2.067839243441238,STRONG,True
0.09956156141378425,2.747587070868986,1.8207781425596654,STRONG,True
0.029807264248802867,2.4764550476414553,1.6201283234540271,STRONG,True
0.06556051786006722,2.3682000803758725,1.5622762334953406,STRONG,True
0.09905332741746553,2.0244177273620907,1.350540187381472,STRONG,True
0.09608468543721066,2.107907414872486,1.4037694595701398,STRONG,True
0.09877795085585406,2.200842320725684,1.4651197912712435,STRONG,True
0.061391691748815924,1.2689988566493193,0.8463363489341431,STRONG,True
0.1687263881982925,0.3679161129217953,0.29819970926856937,WEAK,True
0.2978277568642364,0.32936330151339016,0.31832586088618636,WEAK,True
0.09010241637137517,0.457680410130589,0.3290281123148642,WEAK,True
0.21033207955297656,0.5619601067436774,0.43889029722693207,MODERATE,False
0.30172516642288966,0.4671814385819785,0.4092717433262974,MODERATE,False
0.31578102077672315,0.6412547534163331,0.5273389469924696,MODERATE,False
0.30510909620361076,0.645364009485151,0.526274789836612,MODERATE,False
0.3076917000726059,0.6424865234995359,0.5253083353001105,MODERATE,False
0.0838829638003099,0.6138820651499816,0.4283823796775965,MODERATE,False
0.20749318652593635,0.7699502114363465,0.573090252717703,STRONG,False
0.3217201847366104,0.7713338235821458,0.6139690499862084,STRONG,False
0.30841384778145414,0.8709904736395446,0.674088654589213,STRONG,True
0.0970701765746172,0.85915228732299,0.5924235485610595,STRONG,True
0.15700810606826748,0.917479933895781,0.6513147941561513,STRONG,True
0.31489057660146785,0.9325048213504894,0.7163398356883319,STRONG,True
0.16909730521455807,1.0880409423984307,0.7664106693840753,STRONG,True
0.07603054846996371,1.043579874525023,0.7049376104057523,STRONG,True
0.1986096088383677,1.0867512013214358,0.7759016439523619,STRONG,True
0.3944125029955797,1.019132494083649,0.8004804972028248,STRONG,True
0.3944125029955797,2.333121816501022,1.6545735567741173,STRONG,True
0.3944125029955797,3.038808552010327,2.1132699348551656,STRONG,True
0.3944125029955797,3.326633046670762,2.3003558563844484,STRONG,True
0.15809020421082448,3.7186682847409736,2.4724659565554212,STRONG,True
0.15520041609953172,4.600383331147998,3.0445693108810348,STRONG,True
0.09157302660592515,4.230555148865379,2.7819114060745704,STRONG,True
0.05796459714932051,4.046174043705132,2.650300737410598,STRONG,True
0.11244309501411742,3.9053506945133116,2.577833034688594,STRONG,True
0.1692526908891781,4.0217946915901255,2.673404991344794,STRONG,True
0.05136770937583773,4.495123808349125,2.9398091737084746,STRONG,True
0.19217942331724175,3.728483930329888,2.4907773528754618,STRONG,True
0.13807679591154426,2.9159891315255133,1.9437198140606242,STRONG,True
0.14391670974826498,2.0111619801614964,1.3576261355168655,STRONG,True
0.27675163734091673,0.4147818863475606,0.36647129919523524,MODERATE,True
0.1992935269692197,0.46649314801524167,0.37297328064913393,MODERATE,True
0.32408221489509786,0.42745338147724077,0.39127347317349076,MODERATE,True
0.32408221489509786,0.48388696087333677,0.42795529978095315,MODERATE,False
0.09956156141378425,0.5334116870154483,0.3815641430548659,MODERATE,False
0.052930999498771,0.6620313263861206,0.44884621197554825,MODERATE,False
0.138925030671533,0.5413613858047525,0.40050866150812564,MODERATE,False
0.12871688214161175,0.5756064738246294,0.41919511673557325,MODERATE,False
0.14587926084289765,0.4586076203063837,0.3491526944941636,WEAK,False
0.13173048876091897,0.46146252711786084,0.34605631369293116,WEAK,False
0.09288995203176897,0.6089702685618561,0.4283421577763256,MODERATE,False
0.06730346458227332,0.6752722787412787,0.4624831937856268,MODERATE,False
0.1215046511313791,0.8006146352401158,0.5629261408020579,STRONG,False
0.20455408307658157,0.7398817280973529,0.5525170523400829,MODERATE,False
0.07784616987143383,0.4383042865244328,0.3121439456958832,WEAK,False
0.1544368314780893,0.4758924105124492,0.36338295785042324,WEAK,False
0.1017408002209908,0.3805038118319265,0.282936757768099,WEAK,False
0.0624244657379614,0.41702480959409777,0.29291468924445,WEAK,False
0.11581350461945578,0.43242558623625893,0.32161135767037785,WEAK,False
0.16298870282988914,0.5048582810440598,0.3852039286691001,MODERATE,False
0.109127459291122,0.5584395384081822,0.4011803107172111,MODERATE,False
0.22264946670307723,0.5579963877204229,0.4406249653643519,MODERATE,False
0.10261011961705224,0.5950484423644883,0.42269502940288567,MODERATE,False
0.23229040223421,0.6551449214218026,0.5071458397061452,MODERATE,False
0.219165250383141,0.5268515938330705,0.41916137362559514,MODERATE,False
0.12857678490318514,0.5033351341167228,0.3721697118919846,MODERATE,False
0.11165432380160772,0.5886637708450034,0.4217104643798149,MODERATE,False
0.11239441265702699,0.5930798542668084,0.4248399497033849,MODERATE,False
0.06963313320119363,0.5865679969533316,0.40564079464008335,MODERATE,False
0.19394121053980157,0.5825850823661065,0.44655972722689974,MODERATE,False
0.1054959382565831,0.46428702581264075,0.3387101451680206,WEAK,False
0.10081835028107894,0.470141063411947,0.3408781138161432,WEAK,False
0.10885589360366349,0.43420502152506407,0.3203328267525739,WEAK,False
0.1858226176878593,0.4160931961004189,0.335498493656023,WEAK,False
0.05474694725050011,0.5087165091048891,0.34982716245585294,WEAK,False
0.0998007325293912,0.3631796770953916,0.2709970464972915,WEAK,False
0.11538011077518778,0.33525687555716144,0.2583000078834707,WEAK,False
0.07634243882544989,0.38621737499877207,0.2777611473381093,WEAK,False
0.3662668466712143,0.432443233559776,0.4092814981487794,MODERATE,False
0.07512742330681443,0.5142119483783549,0.3605323646033158,WEAK,False
0.12195818589636948,0.685333346171042,0.48815204007490665,MODERATE,False
0.37931532416882746,0.7475632633978594,0.6186764846676982,STRONG,False
0.10217134496444524,0.9318489517207463,0.641461789356041,STRONG,True
0.10599854200260878,0.9904175144932006,0.6808708741214934,STRONG,True
0.11269436495921731,0.8676050987265488,0.6033863419079828,STRONG,True
0.1290071437099814,0.7957772141927385,0.5624076895237735,MODERATE,True
0.0872456595468723,0.7755487090323582,0.5346426417124381,MODERATE,True
0.0742646376804802,0.7853413806085264,0.5364645205837103,MODERATE,True
0.08045714115741587,0.7550011193235262,0.5189107269653875,MODERATE,False
0.1276967045803742,0.4870422925809302,0.3612713367807356,WEAK,False
0.2909100575088281,0.5424544013978427,0.4544138810366876,MODERATE,False
0.11829655839532827,0.5412009300579133,0.3931843999760085,MODERATE,False
0.18490279095584145,0.19552904290166562,0.19180985472062714,WEAK,False
0.11356793305280571,0.23006439095818346,0.18929063069130125,WEAK,False
0.11502756110689644,0.26310465769137825,0.21127767388680962,WEAK,False
0.11356793305280571,0.254420307018713,0.20512197613064545,WEAK,False
0.10030557155973324,0.24721435142111323,0.19579627846963024,WEAK,False
0.09899997637447194,0.285527262563472,0.220242712397322,WEAK,False
0.09778166208238825,0.29960068915131777,0.22896402967719243,WEAK,False
0.09618213425209432,0.32418264151126114,0.24438246397055277,WEAK,False
0.1158375888784618,0.3254583339849299,0.2520910731976661,WEAK,False
0.10538439853606951,0.24288429694515828,0.19475933250197722,WEAK,False
0.11326913524062937,0.23309906404295522,0.1911585889621412,WEAK,False
0.031252275787595096,0.15971663121970872,0.11475410681846895,WEAK,False
0.07103255644467449,0.20139448208470684,0.15576780811069552,WEAK,False
0.12165638345565916,0.2082426407583593,0.17793745070241423,WEAK,False
0.05267744846858774,0.14835140257743398,0.11486551863933779,WEAK,False
0.17020273508443756,0.19353490247104826,0.1853686438857345,WEAK,False
0.1268175625869663,0.19066949148791967,0.168321316372586,WEAK,False
0.1302729726759998,0.22716930161081275,0.19325558648362823,WEAK,False
0.1162563548295445,0.32672904497305816,0.2530636034228284,WEAK,False
0.10809407146788569,0.39189144448184754,0.29256236392696094,WEAK,False
0.09810509296104158,0.45626657996945863,0.3309100595165127,WEAK,False
0.11594593212702603,0.387374856712662,0.2923747331076894,WEAK,False
0.10866146690043349,0.3861237675330362,0.28901196231162524,WEAK,False
0.12668502817259375,0.4060948039341459,0.30830138241760263,WEAK,False
0.1349153873738851,0.36048640606848004,0.28153654952537177,WEAK,False
0.0815056761495454,0.27673942911593763,0.20840761557770035,WEAK,False
0.17712378382966615,0.2643843424665511,0.2338431469436414,WEAK,False
0.10257689128391284,0.19593381793455428,0.16325889360682977,WEAK,False
0.10464670933502296,0.2240781574521128,0.18227715061113134,WEAK,False
0.10893527639385853,0.2215620291943463,0.1821426657141756,WEAK,False
0.0949948169215829,0.2570705045504497,0.20034401388034634,WEAK,False
0.11707114566345256,0.31139547447844435,0.24338195939319723,WEAK,False
0.09084083373684126,0.3144656105585618,0.23619693867095964,WEAK,False
0.09609647334190652,0.34575883199130675,0.2583770064640167,WEAK,False
0.3004512171633141,0.3511226088392762,0.33338762175268943,WEAK,False
0.3024701824692037,0.34545099360794185,0.3304077097093835,WEAK,False
0.09983384563999476,0.33119278715640127,0.250217157625659,WEAK,False
0.09384035175936861,0.3803394528561658,0.2800647674722868,WEAK,False
0.10455158491539307,0.37190978450828477,0.2783344146507727,WEAK,False
0.0949948169215829,0.451336537453452,0.3266169352672978,WEAK,False
0.09778166208238825,0.45661102800168274,0.3310207499299297,WEAK,False
0.10331669556715978,0.4402131040986729,0.3222993611126433,WEAK,False
0.1559810443444572,0.49084671931230284,0.3736437330735569,MODERATE,False
0.12066244422751088,0.4977129577373434,0.36574527800890205,MODERATE,False
0.12573725766940197,0.48178823811373633,0.3571703949582193,WEAK,False
0.10646064892539175,0.44469744041993065,0.32631456339684206,WEAK,False
0.11130718023004604,0.35984736064630746,0.27285829750061596,WEAK,False
0.10423353851082567,0.33468028543788547,0.25402392401341456,WEAK,False
0.11008188018068354,0.30755311002803193,0.23843817958146,WEAK,False
0.15016732962682583,0.21731474953242907,0.19381315256546794,WEAK,False
0.09934597235086368,0.2240514602972858,0.18040453951603805,WEAK,False
0.20191124382470677,0.2699211545652642,0.24611768580606913,WEAK,False
0.07251841259209535,0.3109458597541852,0.22749625324745376,WEAK,False
0.19543612489254808,0.253749374788293,0.2333397373247823,WEAK,False
0.1234591625646761,0.2619280196678533,0.21346391968174128,WEAK,False
0.2276734806578546,0.2793088323523706,0.26123645925929,WEAK,False
0.11273565867001328,0.516430213601536,0.37513711937550304,MODERATE,False
0.10719575313173524,0.5116984648355255,0.37012251573919897,MODERATE,False
0.1620222148237605,0.547659494650304,0.41268644671101373,MODERATE,False
0.14261033431057807,0.5480442662879718,0.406142390095884,MODERATE,False
0.14495665853392464,0.4798526929666585,0.36263908091520164,WEAK,False
0.1497943633183133,0.442870517558506,0.3402938635744385,WEAK,False
0.14495665853392464,0.37439469726244035,0.29409138370745985,WEAK,False
0.14495665853392464,0.32138758255636823,0.259636759148513,WEAK,False
0.14261033431057807,0.2957562892250948,0.24215520500501392,WEAK,False
0.223032107985156,0.28496869505966566,0.26329088958358726,WEAK,False
0.14495665853392464,0.2076127063828113,0.18568308963570096,WEAK,False
0.09912697680350907,0.20305696179992916,0.16668146705118211,WEAK,False
0.14495665853392464,0.23565848549861898,0.20391284606097598,WEAK,False
0.14495665853392464,0.22195386479767137,0.19500484260536,WEAK,False
0.14904977306227163,0.20737822321029747,0.18696326565848845,WEAK,False
0.10186400582130939,0.22055506863775995,0.17901319665200227,WEAK,False
0.09977175330609406,0.26732447382818525,0.20868102164545332,WEAK,False
0.09899997637447194,0.2622634270817792,0.20512121933422164,WEAK,False
0.10896017830060589,0.2610262389140095,0.20780311769931825,WEAK,False
0.053254171271016615,0.240905917208604,0.17522780613044842,WEAK,False
0.15633236375849852,0.1382658175458273,0.1500090725840636,WEAK,False
0.10733159240738988,0.14089667677503517,0.1291488972463593,WEAK,False
0.17855243158207107,0.1423387319875009,0.16587763672397152,WEAK,False
0.1003631450529141,0.1784404643958557,0.15111340262582615,WEAK,False
0.0983187012994523,0.20350766720349744,0.16669152913708163,WEAK,False
0.09847209736454543,0.2608757750002896,0.2040344878277791,WEAK,False
0.10386252224230297,0.2761802488855365,0.21586904456040476,WEAK,False
0.03647321994620761,0.28624014616233323,0.1988217219866893,WEAK,False
0.0774258813572038,0.28734920962750216,0.21387604473289776,WEAK,False
0.1234259951958524,0.26967807550106226,0.21848984739423882,WEAK,False
0.09154030174389438,0.22998561461562222,0.18152975511051747,WEAK,False
0.16562609549293034,0.25828275458292077,0.2258529239014241,WEAK,False
0.09733424134347535,0.2860438321605251,0.2199954753745577,WEAK,False
0.09436239142752106,0.31853835309686035,0.24007676651259158,WEAK,False
0.1928584954030313,0.28762046072022945,0.2544537728592101,WEAK,False
0.10549584555008795,0.28737495980057476,0.22371726981290438,WEAK,False
0.10668175752195991,0.33099109524430476,0.25248282704148406,WEAK,False
0.09436239142752106,0.38288122602324404,0.281899633914741,WEAK,False
0.10668175752195991,0.29506888664856074,0.22913339145425046,WEAK,False
0.10549584555008795,0.4124510695039541,0.30501674112010096,WEAK,False
0.10549584555008795,0.3410211610855906,0.2585873006481647,WEAK,False
0.10549584555008795,0.352720044440198,0.2661915748286595,WEAK,False
0.13682891926743734,0.340041775705014,0.26891727595186216,WEAK,False
0.28636012481727385,0.2971586711724715,0.2933791799481523,WEAK,False
0.10617222783692498,0.20518181617561396,0.17052846025707283,WEAK,False
0.12736232782634171,0.23839488204940337,0.19953348807133178,WEAK,False
0.11736310846889442,0.2774581371864991,0.22142487713533746,WEAK,False
0.11521786087054914,0.2971460603565646,0.2334711905364592,WEAK,False
0.1078274164126285,0.27837397224816246,0.21868267770572558,WEAK,False
0.21318947616394318,0.27482952002151784,0.2532555046713667,WEAK,False
0.1858226176878593,0.37770832356898504,0.31054832651059106,WEAK,False
0.1067384834429222,0.4791250076845207,0.34878972419996124,WEAK,False
0.12712828011700816,0.5356459977006133,0.3926647965463515,MODERATE,False
0.06047896037610406,0.5786081063908556,0.3972629052856926,MODERATE,False
0.06808158480431725,0.46567964827024244,0.32652032605716863,WEAK,False
0.10180326307821658,0.42343156620382355,0.3108616601098611,WEAK,False
0.10237750531511253,0.43074030648336226,0.3158133260744748,WEAK,False
0.04017976523849365,0.3982381203197436,0.27291769604130617,WEAK,False
0.08028288198869138,0.43598586136321554,0.3114898185821321,WEAK,False
0.10539725077558337,0.47821078852980414,0.3477260503158269,WEAK,False
0.07825422839132151,0.40154951951420137,0.28839616762119347,WEAK,False
0.04017976523849365,0.2868318786987262,0.20050363898764478,WEAK,False
0.08028288198869138,0.3729335150300764,0.2705057934655916,WEAK,False
0.09905332741746553,0.365290614782753,0.2721075642049024,WEAK,False
0.0964432823524623,0.3121846549504917,0.23667517454118142,WEAK,False
0.09609647334190652,0.32821383621643646,0.24697275921035097,WEAK,False
0.10646064892539175,0.4151337168765628,0.30709814309365296,WEAK,False
0.10404177311695256,0.4187247624358516,0.3085857161742369,WEAK,False
0.10617222783692498,0.3239162573207896,0.247705847001437,WEAK,False
0.06333627498120575,0.2774359774688277,0.20250108159816002,WEAK,False
0.1352673271687474,0.2816969052021153,0.23044655289043653,WEAK,False
0.029089352346149677,0.19868428009889408,0.13932605538543352,WEAK,False
0.06714212909089823,0.17489563609470044,0.13718190864336965,WEAK,False
0.09666096430756371,0.07225261802871404,0.08811804310996632,WEAK,False
0.18024399004372554,0.1787686148343848,0.1797276087204563,WEAK,False
0.049584261810355745,0.19127599500104242,0.1416838883843021,WEAK,False
0.10515721146379836,0.3563591113336064,0.2684384463791736,WEAK,False
0.05714467571000292,0.3685324502993632,0.25954672919308713,WEAK,False
0.14046552365595139,0.4799481744147625,0.3611292466491786,WEAK,False
0.1068552016031567,0.4163774471809058,0.3080446612286936,WEAK,False
0.10767999859238597,0.34431600426044284,0.26149340227662293,WEAK,False
0.14865962058137422,0.38454147005157485,0.30198282273700466,WEAK,False
0.14519871306538207,0.47169033716249026,0.3574182687285024,WEAK,False
0.14397060034762904,0.5184846774182111,0.3874047504435074,MODERATE,False
0.14467583366380027,0.5100174283716054,0.3821478702238736,MODERATE,False
0.14630781419238964,0.4055414809089333,0.31480969755814303,WEAK,False
0.14688669370223595,0.39215902239909695,0.3063137073551956,WEAK,False
0.15583579521145002,0.29466744675573564,0.2460763687152357,WEAK,False
0.15950866097396615,0.2697698352605089,0.23117842426021895,WEAK,False
0.1696803824653958,0.12882954637704738,0.15538258983447387,WEAK,False
0.1785443492058582,0.09049148211988849,0.1477258457257688,WEAK,False
0.18569590980779455,0.0189420000919905,0.12733204140726312,WEAK,False
0.032874418474077294,0.0195137424049016,0.0281981818498658,WEAK,False
0.15202130627897747,0.059071926998982095,0.1194890235309791,WEAK,False
0.10094391779830464,0.10586090983434661,0.10413996262173192,WEAK,False
0.037243644222486105,0.2123508977995967,0.151063359047608,WEAK,False
0.07940974352856689,0.23288571396667795,0.17916912431333906,WEAK,False
0.03355029691150385,0.2395958229713498,0.1674798888504037,WEAK,False
0.07632270883044628,0.27159240093775333,0.20324800870019585,WEAK,False
0.10631205285683071,0.2579519625366872,0.20487799414873742,WEAK,False
0.09362509076037312,0.3802033157022846,0.2799009369726156,WEAK,False
0.0927681709681607,0.4193844698479447,0.3050687652400203,WEAK,False
0.08660715374415423,0.3958002023032745,0.28758263530758243,WEAK,False
0.09901252510413139,0.3525877454948732,0.26383641835811356,WEAK,False
0.09362509076037312,0.2853753604406951,0.21826276605258244,WEAK,False
0.03355029691150385,0.21771320550063333,0.153256187494438,WEAK,False
0.07615061063832995,0.2018093871836858,0.15782881539281127,WEAK,False
0.07851874147818849,0.21506605122953693,0.16727449281656498,WEAK,False
0.11000955400188733,0.12873314466572633,0.12217988793338269,WEAK,False
0.10661667928657043,0.15768010509770855,0.13980790606381022,WEAK,False
0.04550090289598496,0.2217219022678958,0.160044552487727,WEAK,False
0.12254836551181181,0.32091279718962723,0.25148524610239187,WEAK,False
0.10411009521298203,0.331827288617185,0.252126270925714,WEAK,False
0.09847209736454543,0.32380950141027237,0.24494140999426794,WEAK,False
0.04857951068495375,0.362100644867847,0.2523682479038344,WEAK,False
0.11753676312129918,0.4521112938117431,0.33501020807008774,WEAK,False
0.12950425492870454,0.398792156617758,0.3045413910265893,WEAK,False
0.154660271384581,0.31681495395744275,0.2600608150569411,WEAK,False
0.10912245894770733,0.33548052410331003,0.2562552012988491,WEAK,False
0.05105518845745072,0.38969504829589036,0.2711710973524365,WEAK,False
0.19716233215173057,0.361793602845457,0.3041726581026527,WEAK,False
0.10807378928271466,0.35325534461996244,0.2674418002519257,WEAK,False
0.12958204705911414,0.2898831684439695,0.23377777595927013,WEAK,False
0.03647321994620761,0.3258781720062304,0.22458643878522247,WEAK,False
0.0774258813572038,0.35750448079488695,0.25947697099169786,WEAK,False
0.1234591625646761,0.27714663134515183,0.22335601727198534,WEAK,False
0.11357797265308661,0.4149411407205716,0.3094640318969519,WEAK,False
0.14872088711067794,0.3973861479922731,0.3103533066837148,WEAK,False
0.14299236396164544,0.47860240472188686,0.3611388904558024,WEAK,False
0.13626025163528976,0.46765184913242125,0.3516647900084252,WEAK,False
0.13652384526643696,0.4290132975849544,0.3266419892734733,WEAK,False
0.13873712418839462,0.30630611701060717,0.24765696952283278,WEAK,False
0.13786224342880926,0.2123731342917785,0.1862943224897393,WEAK,False
0.14704828005824366,0.18694989883396598,0.17298433226246318,WEAK,False
0.15160921456916465,0.1499215679214903,0.15101853824247863,WEAK,False
0.16192815570887126,0.10308816749430989,0.1413341598337748,WEAK,False
0.17100546643745157,0.06796094718507396,0.1349398846991194,WEAK,False
0.18005445907796375,0.013269944817364581,0.12167987908675404,WEAK,False
0.07309999563131331,0.013236232972025513,0.05214767870056258,WEAK,False
0.14712276431334215,0.06475346967891488,0.1182935111912926,WEAK,False
0.10922726675676203,0.14674525270960895,0.13361395762611253,WEAK,False
0.05616050773258152,0.23690170543024547,0.1736422862360631,WEAK,False
0.15075304634730646,0.22641321442288787,0.19993215559643437,WEAK,False
0.11464451374823414,0.24909331757459482,0.2020362362353686,WEAK,False
0.051517947876145886,0.37222423177011343,0.2599770324072248,WEAK,False
0.1177824108391422,0.38103410837208096,0.2888960142355524,WEAK,False
0.05496198809087405,0.3406695024593803,0.2406718724304031,WEAK,False
0.1728330317842311,0.43144209849260373,0.3409289251446733,WEAK,False
0.044139710121764986,0.34939811531497855,0.2425576734973538,WEAK,False
0.1125875768224251,0.3379335325238138,0.2590624480283278,WEAK,False
0.09847209736454543,0.32636943435018356,0.24660536640521022,WEAK,False
0.050328409333182444,0.3956774730308651,0.27480530073667614,WEAK,False
0.048347682056354646,0.4108196547458985,0.2839544643045581,WEAK,False
0.17767626180232926,0.33845873353216066,0.2821848684267197,WEAK,False
0.046479954370429344,0.3415883104554327,0.23830038582568153,WEAK,False
0.11802954726098769,0.2771561164200024,0.22146181721434724,WEAK,False
0.11031595887315365,0.2543262908297452,0.20392267464493818,WEAK,False
0.044038196382517825,0.2766061197277486,0.19520734655691785,WEAK,False
0.12553261998585263,0.31696595239920683,0.24996428605453286,WEAK,False
0.14410590725519662,0.27145303070066007,0.22688153749474788,WEAK,False
0.10515721146379836,0.3303371165635871,0.25152414977866105,WEAK,False
0.05011832809388145,0.39860698705265946,0.27663595641708716,WEAK,False
0.11809407649846154,0.5744783142451507,0.4147438310338095,MODERATE,False
0.06774079314348003,0.44921670167252836,0.31570013368736144,WEAK,False
0.15154109759465362,0.44655631372964594,0.3433009880823986,WEAK,False
0.10480494286128489,0.408521163782789,0.30222048646026256,WEAK,False
0.18085463961675569,0.42192610264747565,0.33755109058672367,WEAK,False
0.04197774717299363,0.4589590869860134,0.3130156180514565,WEAK,False
0.10847722515983088,0.5577477303573299,0.4005030535382053,MODERATE,False
0.05257286249775045,0.41644322311618476,0.28908859689973276,WEAK,False
0.12555587091815723,0.44538858424117567,0.3334471345781192,WEAK,False
0.09026191289028046,0.3565418316052239,0.2633438600549937,WEAK,False
0.05496198809087405,0.31662478366719216,0.2250428052154808,WEAK,False
0.17712378382966615,0.37084667390789516,0.303043662380515,WEAK,False
0.107703175138671,0.3439015866064247,0.26123214259271094,WEAK,False
0.11123100373613248,0.2860748909657972,0.22487953043541456,WEAK,False
0.10515721146379836,0.40492899625447953,0.30000887157774114,WEAK,False
0.23268044078168254,0.46143048109987755,0.3813679669885093,MODERATE,False
0.17092147793028095,0.390009034975337,0.3133283900095674,WEAK,False
0.04460036747569479,0.4570695517484755,0.3127053372530023,WEAK,False
0.11903197346482186,0.43709856529101754,0.32577525815184905,WEAK,False
0.1433662628025838,0.4058517544607379,0.31398183238038396,WEAK,False
0.1376838924493845,0.4669999727780482,0.35173934466301593,WEAK,False
0.13261459381804552,0.4069932678710684,0.3109607319525104,WEAK,False
0.1333033713765409,0.3732229987928634,0.28925112919715057,WEAK,False
0.1342763966611879,0.3090696073715244,0.24789198362290665,WEAK,False
0.13490804731211503,0.3077444625836263,0.24725171723859737,WEAK,False
0.14337941178702795,0.2696900622893344,0.22548133461352715,WEAK,False
0.14757434993986018,0.12187939130864324,0.13858111441893425,WEAK,False
0.1603828410080665,0.10563556785603181,0.14122129540485437,WEAK,False
0.168739811677398,0.09074391964307203,0.14144124946538392,WEAK,False
0.17717021788900073,0.014556609801925888,0.12025545505852453,WEAK,False
0.1217356876891712,0.014879441803126047,0.0843360016290554,WEAK,False
0.09413581306795704,0.10042585684178074,0.09822434152094245,WEAK,False
0.09847209736454543,0.12053567776853415,0.11281342462713809,WEAK,False
0.049360117127392855,0.1768924323149599,0.13225612199931144,WEAK,False
0.11695221276123713,0.20581111618323844,0.17471049998553798,WEAK,False
0.14476399575289506,0.23171905401248882,0.201284783621631,WEAK,False
0.14476399575289506,0.32430109254110745,0.26146310866523315,WEAK,False
0.14476399575289506,0.341822301717234,0.2728518946297154,WEAK,False
0.13847838960082842,0.3557443060282485,0.2797012352786515,WEAK,False
0.13908159775267676,0.3090586059501895,0.24956665308106005,WEAK,False
0.13847838960082842,0.20215786818891282,0.1798700506830833,WEAK,False
0.13213000300199074,0.16872253148909785,0.15591514651861035,WEAK,False
0.13272525287902526,0.13780304838802035,0.13602581995987206,WEAK,False
0.13213000300199074,0.10796881249967638,0.12367358632618071,WEAK,False
0.13239132359832,0.08620819340116266,0.11622722802931494,WEAK,False
0.1329869010642762,0.013351341810689763,0.09111445532552094,WEAK,False
0.13206998788895036,0.013174344890110287,0.09045651283935634,WEAK,False
0.13518384493907254,0.012808391935083112,0.09235243638767623,WEAK,False
0.13458551685409653,0.012744892910924706,0.0919412984739864,WEAK,False
0.1342626970857011,0.012634098362480245,0.0916926875325738,WEAK,False
0.1346382766669269,0.012376125095901677,0.09184652361706808,WEAK,False
0.13339594727456278,0.012412687272881836,0.09105180627397445,WEAK,False
0.13339594727456278,0.012363011862351234,0.09103441988028874,WEAK,False
0.14216844041345528,0.012182137328385448,0.09667323433368083,WEAK,False
0.14343366054052975,0.012285860488588679,0.09753193052235039,WEAK,False
0.14216844041345528,0.012310014399066645,0.09671799130841925,WEAK,False
0.14628430845424245,0.012199585734153593,0.09935465550221136,WEAK,False
0.14756026842937742,0.012371321630522944,0.10024413704977836,WEAK,False
0.14628430845424245,0.012482751700952206,0.09945376359059087,WEAK,False
0.15711788095945378,0.012436890672980342,0.10647953435918807,WEAK,False
0.15779468692909498,0.012671773397626776,0.10700166719308112,WEAK,False
0.15711788095945378,0.012838307040396763,0.10662003008778383,WEAK,False
0.16691038913076123,0.012852591943820787,0.11299016011533207,WEAK,False
0.1676004550238998,0.01315056528552665,0.11354299361546921,WEAK,False
0.16691038913076123,0.013370186272779628,0.11317131813046767,WEAK,False
0.17588724727881816,0.01343710154866369,0.1190296962732641,WEAK,False
0.17658946863307118,0.013786184689087972,0.11960831925267706,WEAK,False
0.17588724727881816,0.014050190193241838,0.11924427729886646,WEAK,False
0.10629795224768956,0.014163420640083238,0.07405086618502736,WEAK,False
0.05299209482183692,0.06813839401161027,0.0628371892951896,WEAK,False
0.17319954182831127,0.08625717637074172,0.14276971391816193,WEAK,False
0.13308771490017596,0.14440923885650583,0.1404467054717904,WEAK,False
0.12897650474800665,0.34253644778378667,0.26779046772126364,WEAK,False
0.12409809265054239,0.2966093007728998,0.23623037793007473,WEAK,False
0.12455862924869882,0.332699461415982,0.2598501701574329,WEAK,False
0.12456436948130323,0.3527357421267963,0.27287576170087374,WEAK,False
0.12414174900724578,0.3340454179700952,0.2605791338330979,WEAK,False
0.13306551917377757,0.2872072378744359,0.2332576363292055,WEAK,False
0.13814647298860072,0.20034968853630497,0.17857856309460848,WEAK,False
0.15082743495528012,0.1881185178881201,0.1750666388616261,WEAK,False
0.15924443024993468,0.1534502622632637,0.15721647145459983,WEAK,False
0.1675183195788616,0.013092206828565038,0.11346918011625781,WEAK,False
0.11747095597722351,0.013046185284458986,0.08092228623475593,WEAK,False
0.05507516330285128,0.158000755493852,0.12197679822700175,WEAK,False
0.10441523386097185,0.2303843236724738,0.18629514223844812,WEAK,False
0.04124100064753722,0.2390694245074651,0.16982947615649036,WEAK,False
0.11709277634232584,0.2805638744196472,0.22334899009258471,WEAK,False
0.05004789177038865,0.30892813038197003,0.21832004686791656,WEAK,False
0.09847209736454543,0.30122016121844136,0.23025833886957778,WEAK,False
0.030462298528342646,0.36173462415281893,0.24578931018425224,WEAK,False
0.06801176930671893,0.5235107557296133,0.3640861104816002,WEAK,False
0.11717277199379289,0.4578690185934556,0.3386253322835736,WEAK,False
0.3831917760045916,0.29469000537453227,0.3522161562840708,WEAK,False
0.1065744351774836,0.5326230043884237,0.3835060051645947,MODERATE,False
0.0936103841536794,0.6908327962137906,0.48180495199275164,MODERATE,False
0.3427098909720467,0.6556511336087638,0.5461216986859128,MODERATE,False
0.1501439356832982,0.7260970395374736,0.5245134531885123,MODERATE,False
0.10347683922223305,0.6871989787591397,0.4828962299212224,MODERATE,False
0.3898439212892511,0.7178534873014135,0.6030501391971567,STRONG,False
0.12069028437465024,1.3230368031467437,0.902215521576511,STRONG,True
0.1533159221815018,1.3973389133708367,0.9619308664545695,STRONG,True
0.07830449104793508,1.362966496244958,0.913334794426,STRONG,True
0.10868243026530183,1.4046528249301782,0.9510631867974715,STRONG,True
0.09496473177399173,1.041655013480963,0.7103134148835231,STRONG,True
0.11870983829329501,1.0406380264572532,0.7179631605998679,STRONG,True
0.12043849223287922,1.0456438878951226,0.7218219994133375,STRONG,True
0.09329672799109756,0.9782922714736559,0.6685438312547605,STRONG,True
0.07636314571036162,1.0235738125670362,0.6920500791672001,STRONG,True
0.07718246448598226,1.0050876344640751,0.6803208249717426,STRONG,True
0.08148101209884129,0.11972365425698252,0.10633872950163309,WEAK,True
0.13233636707673718,0.1077350255033131,0.12372589752603874,WEAK,True
0.29689114340424166,0.07825460268592353,0.22036835415283032,WEAK,True
0.16345469053322287,0.12143675733925782,0.1487484139153351,WEAK,False
0.088457576305841,0.22834286541546928,0.1793830142270994,WEAK,False
0.088457576305841,0.24583504472698406,0.190752930779584,WEAK,False
0.08872182212698404,0.19817334084796764,0.1598653092956234,WEAK,False
0.0871365000481002,0.2058608715452466,0.16430734152124535,WEAK,False
0.08739993622574782,0.2135270321248923,0.16938254856019172,WEAK,False
0.0871365000481002,0.21828466527579052,0.1723828074460989,WEAK,False
0.0953338583995832,0.211185750986134,0.17063758858084122,WEAK,False
0.05714467571000292,0.2417624838096425,0.17714625097476866,WEAK,False
0.11874229204477726,0.24127747190218374,0.19839015895209147,WEAK,False
0.12437318923077739,0.1614202630455052,0.14845378721035046,WEAK,False
0.04857951068495375,0.1535694896079311,0.11682299698488903,WEAK,False
0.10885996284800326,0.18684840914913206,0.159552452943737,WEAK,False
0.11614793825261727,0.20340741599210363,0.17286659878328342,WEAK,False
0.12449537627897383,0.22419135869828627,0.18929776485152694,WEAK,False
0.09689061619338113,0.26617690600272903,0.20692670456945728,WEAK,False
0.04197774717299363,0.3802689106451314,0.26186700342988317,WEAK,False
0.13690185570099556,0.3379393185745674,0.26757620656881725,WEAK,False
0.13269097671012392,0.3499953871037331,0.2739388434659699,WEAK,False
0.12653187050396575,0.3414547304925977,0.26623172949657653,WEAK,False
0.12699480820251452,0.32082974151176546,0.25298751485352766,WEAK,False
0.12884492521711322,0.26509994574229967,0.21741068855848442,WEAK,False
0.12723839804980142,0.20297980174539165,0.17647031045193506,WEAK,False
0.1362213604849417,0.15292902297358785,0.14708134110256169,WEAK,False
0.1406136435477765,0.12370653701678265,0.13469615626192866,WEAK,False
0.15144050265889242,0.10230416109423199,0.13424278311126128,WEAK,False
0.16134144653363264,0.05175596096483905,0.12298652658455489,WEAK,False
0.17022020815806577,0.012752553092427276,0.11510652888509229,WEAK,False
0.13434500296914925,0.012505183252606574,0.09170106606835932,WEAK,False
0.06774079314348003,0.08871724402121293,0.08137548621400642,WEAK,False
0.04550090289598496,0.130133088756467,0.10051182370529829,WEAK,False
0.1271987161269515,0.13309098158605956,0.13102868867537174,WEAK,False
0.10295105730214715,0.1924174524147317,0.16110421412532713,WEAK,False
0.06898831625003932,0.21526413497208208,0.1640675984193671,WEAK,False
0.10301502470000007,0.23587136480550167,0.18937164576857612,WEAK,False
0.05534438774067596,0.26196017290238155,0.1896446480957846,WEAK,False
0.05105518845745072,0.30780969937243635,0.21794562055219138,WEAK,False
0.11241656916107201,0.2760681268430085,0.21879008165433075,WEAK,False
0.09778166208238825,0.21558763207121312,0.17435554257512442,WEAK,False
0.047079441331431826,0.22111191868843755,0.16020055161348554,WEAK,False
0.14426817989649465,0.2094923300847644,0.18666387751886998,WEAK,False
0.09778166208238825,0.20209497866293852,0.16558531785974592,WEAK,False
0.11178573421757404,0.21710307304453286,0.18024200445509725,WEAK,False
0.13432882672447266,0.27534155276165473,0.22598709864864103,WEAK,False
0.13071726468421818,0.38687481990736516,0.29721967557926376,WEAK,False
0.12551733809865595,0.3794734701920215,0.29058882395934355,WEAK,False
0.12671776839373872,0.351902274098537,0.27308769710185765,WEAK,False
0.12735918448388178,0.31719004545028356,0.25074924411204297,WEAK,False
0.12696135329165154,0.27858080342702124,0.22551399587964185,WEAK,False
0.13561528481175328,0.24404348969352735,0.2060936179849064,WEAK,False
0.14072346858404644,0.19348328738797183,0.17501735080659792,WEAK,False
0.15347239063609863,0.12294815504605042,0.14278890817958176,WEAK,False
0.16193449447380442,0.08884081671316044,0.13635170725757903,WEAK,False
0.17025272540919928,0.014195753491001623,0.1156327852378301,WEAK,False
0.05004789177038865,0.014243264540083346,0.037516272239781795,WEAK,False
0.05267744846858774,0.058152620584407066,0.056236310343870305,WEAK,False
0.18250069324896062,0.057635218548964695,0.13879777710396204,WEAK,False
0.14582083101449145,0.10136934023853415,0.1302628092429064,WEAK,False
0.11538728938758319,0.2181894278090084,0.18220867936150958,WEAK,False
0.19434445681757612,0.28700254796475827,0.25457221606324454,WEAK,False
0.22697613746427442,0.3746586498289182,0.3229697705012929,WEAK,False
0.05773678693875528,0.39554517531937833,0.2773122393861603,WEAK,False
0.18253724847453884,0.43776767016906754,0.34843702257598247,WEAK,False
0.16521070866837978,0.44552280334399386,0.34741357020752894,WEAK,False
0.22394182975916693,0.5542294470565149,0.4386287810024431,MODERATE,False
0.04197774717299363,0.6418210657641223,0.4318759042572273,MODERATE,False
0.10885996284800326,0.6328115123362767,0.44942847001538105,MODERATE,False
0.09960296690434911,0.573663956580324,0.4077426101937328,MODERATE,False
0.13308771490017596,0.6280433170894193,0.45480885632318413,MODERATE,False
0.12897650474800665,0.5986679696433372,0.4342759569299715,MODERATE,False
0.12409809265054239,0.5756327651810689,0.4175956297953846,MODERATE,False
0.12487488115598333,0.5042873056562068,0.3714929570811286,MODERATE,False
0.12456436948130323,0.512463432353457,0.3766987603482032,MODERATE,False
0.12328760407914285,0.3758985232816905,0.28748470156079886,WEAK,False
0.13187384435799082,0.2919503300607492,0.23592356006478377,WEAK,False
0.13694207180531243,0.21869737150659152,0.19008301661114385,WEAK,False
0.06115795617189551,0.16289362090148676,0.12728613824612983,WEAK,False
0.1277559620863401,0.12731882930952526,0.1276029656144549,WEAK,False
0.1495912715107819,0.10753710882277309,0.1348723145699788,WEAK,False
0.15798718458755306,0.33377740834225,0.2722508300281061,WEAK,False
0.16624035013899546,0.31628626861499665,0.2637701971483962,WEAK,False
0.11505890037314193,0.3454090852796668,0.2647865205623831,WEAK,False
0.051517947876145886,0.38192646776246436,0.2662834858022529,WEAK,False
0.1177824108391422,0.3796516239488487,0.28799739936045143,WEAK,False
0.10327317018602683,0.36991715408487946,0.27659175972028105,WEAK,False
0.0586804819117962,0.5073837427983187,0.35033760148803583,WEAK,False
0.1292626114249512,0.4769762911636223,0.3552765032550874,WEAK,False
0.14904977306227163,0.3120478538320332,0.25499852556261665,WEAK,False
0.12161447492485039,0.3030675300271361,0.2395589607413361,WEAK,False
0.042544148111869295,0.35349864864823566,0.24466457346050743,WEAK,False
0.1244123831646134,0.34054467716130077,0.2648983742624602,WEAK,False
0.0983849151231731,0.2965641004983223,0.22720138561702008,WEAK,False
0.09847209736454543,0.25263502753750766,0.19867800197697089,WEAK,False
0.05011832809388145,0.299524102875328,0.2122320817018217,WEAK,False
0.18274490777185887,0.36139229421354496,0.2988657089589548,WEAK,False
0.041010021624393045,0.37685301607958877,0.2593079680202703,WEAK,False
0.06341730174089605,0.3119214928130455,0.2249450259377932,WEAK,False
0.06943628520318879,0.307449943928247,0.22414516337447662,WEAK,False
0.060400716167894664,0.3148277665339682,0.22577829890584247,WEAK,False
0.06218680664075049,0.2809591263489363,0.2043888144510713,WEAK,False
0.1407324862753665,0.202801293621635,0.18107721105044103,WEAK,False
0.05338258303488097,0.15646336991209242,0.12038509450506842,WEAK,False
0.05914705950145849,0.12697608285760445,0.10323592468295337,WEAK,False
0.20109454841733537,0.15496020660611523,0.18494752878340834,WEAK,False
0.053781168494820064,0.1743892787807687,0.1321764401806867,WEAK,False
0.06218666001224532,0.17642344786087796,0.13644057211385655,WEAK,False
0.09778166208238825,0.23003568020196313,0.18374677386011193,WEAK,False
0.16834214037088552,0.25781787428090025,0.2265013674123951,WEAK,False
0.05690819897053184,0.34093612725871103,0.2415263523578483,WEAK,False
0.05147913658284037,0.29775473735366376,0.21155827708387556,WEAK,False
0.06949412060101035,0.26763765354576363,0.19828741701509997,WEAK,False
0.060631036399296234,0.3284815476051539,0.23473386868310372,WEAK,False
0.05891636705154252,0.3058145821000841,0.21940020683309458,WEAK,False
0.052870592189643795,0.3010531537235381,0.21418925718667509,WEAK,False
0.048142450244201995,0.20285532790209032,0.14870582072182942,WEAK,False
0.04788081677607142,0.20644468572506944,0.15094733159292015,WEAK,False
0.05711248394545371,0.1799434067423055,0.13695258376340735,WEAK,False
0.054508922455185016,0.09834588536025653,0.08300294834348149,WEAK,False
0.09964608438053135,0.05484620376403219,0.08396612616475664,WEAK,False
0.05134562331385367,0.08129189234383631,0.07081069818334239,WEAK,False
0.12034932379819552,0.0725038099741284,0.10360339395977203,WEAK,False
0.06012387698837118,0.07466047056633465,0.06957266281404743,WEAK,False
0.06426600881729666,0.11165921539338382,0.09507159309175331,WEAK,False
0.15862289512008448,0.15836339064587526,0.15853206855411126,WEAK,False
0.06004134031382319,0.17832728277942664,0.13692720291646543,WEAK,False
0.16496331165355643,0.19025890544567312,0.18140544761843228,WEAK,False
0.0705654906305887,0.21259334227789836,0.16288359420133997,WEAK,False
0.18635171921695698,0.30214807806724125,0.26161935246964174,WEAK,False
0.041955922950462576,0.2753546884017929,0.19366512049382728,WEAK,False
0.12967867355418677,0.3205788324249552,0.25376377682018625,WEAK,False
0.1364469992682456,0.281159011751371,0.2305098073822771,WEAK,False
0.1364469992682456,0.5562644104601383,0.40932831654297586,MODERATE,False
0.056642239151218854,0.37432203067773795,0.2631341036434563,WEAK,False
0.10796863636988219,0.40735067721249857,0.30256696291758284,WEAK,False
0.13505527480523405,0.38612567127809144,0.2982510325125914,WEAK,False
0.13505527480523405,0.3993594235518269,0.30685297149051943,WEAK,False
0.13461286750780377,0.5033876462568935,0.3743164736947121,MODERATE,False
0.13461286750780377,0.5068284883253104,0.3765530210391831,MODERATE,False
0.13648460615471314,0.5054261319165418,0.37629659789990183,MODERATE,False
0.13648460615471314,0.4409803604582776,0.33440684645203006,WEAK,False
0.13808915865943977,0.29677362576065824,0.24123406227523178,WEAK,False
0.13808915865943977,0.2750017697432687,0.22708235586392855,WEAK,False
0.1383327347480831,0.21899973133453587,0.1907662825292774,WEAK,False
0.1383327347480831,0.15374359176385285,0.14834979180833346,WEAK,False
0.14656020430264605,0.020219823829463492,0.10234107113703216,WEAK,False
0.14656020430264605,0.02015690370555705,0.10231904909366489,WEAK,False
0.15059656788805958,0.020267251250081237,0.10498130706476716,WEAK,False
0.15059656788805958,0.020319527107961165,0.10499960361502514,WEAK,False
0.16063830319878453,0.02052871075686946,0.11159994584411426,WEAK,False
0.16063830319878453,0.020674233810017994,0.11165087891271624,WEAK,False
0.16939171633791367,0.020907413513348697,0.11742221034931592,WEAK,False
0.16939171633791367,0.02114270966084524,0.11750456400093971,WEAK,False
0.17641770274329266,0.021446031958314408,0.12217761796855027,WEAK,False
0.17641770274329266,0.021761705089956472,0.122288103564625,WEAK,False
0.09778166208238825,0.022137753052039084,0.07130629392176605,WEAK,False
0.0451985217031341,0.09993669326170145,0.08077833321620287,WEAK,False
0.11933038899920645,0.10931808889712856,0.11582608396347918,WEAK,False
0.09874843485780671,0.14919927461061916,0.1315414806971348,WEAK,False
0.05889722957543447,0.2378975807331692,0.17524745782796203,WEAK,False
0.04972659752430025,0.2245088294943138,0.16333504830480905,WEAK,False
0.1151689876311267,0.24615702831755612,0.20031121407730584,WEAK,False
0.09847209736454543,0.26332311995293156,0.2056252620469964,WEAK,False
0.05025809903208045,0.33378542016757273,0.23455085777015044,WEAK,False
0.05238616704189003,0.37980457653156147,0.26520813321017644,WEAK,False
0.14102964233920035,0.36077815729424934,0.2838661770599822,WEAK,False
0.052870592189643795,0.3517776356047007,0.24716017040943078,WEAK,False
0.04451055630443984,0.2679369204716091,0.18973769301309987,WEAK,False
0.04197774717299363,0.2742561998849474,0.1929587414357636,WEAK,False
0.07281876205524151,0.3192312580636931,0.23298688446073507,WEAK,False
0.04857951068495375,0.3200116237153046,0.22501038415468183,WEAK,False
0.11396054593170007,0.24818870022506978,0.20120884622239038,WEAK,False
0.0451985217031341,0.19805508880519043,0.14455529031947073,WEAK,False
0.10756819656880384,0.22527736203787477,0.18407915412369996,WEAK,False
0.09847209736454543,0.18269392652838348,0.15321628632104017,WEAK,False
0.1257052257018021,0.15371872929323593,0.14391400303623408,WEAK,False
0.11123100373613248,0.2420542503116606,0.19626611401022578,WEAK,False
0.04475725757099808,0.37738892729111145,0.26096784288907177,WEAK,False
0.11100722504463295,0.3961980991035204,0.2963812931829098,WEAK,False
0.051817124547211324,0.381387302644483,0.2660377403104379,WEAK,False
0.14663007766589964,0.37250771541840916,0.29345054220503086,WEAK,False
0.04972659752430025,0.2890266200200231,0.20527161214652012,WEAK,False
0.1151689876311267,0.3865227781288712,0.29154895145466064,WEAK,False
0.11560451817351775,0.3328237246906648,0.2567970024096633,WEAK,False
0.1151689876311267,0.42426070940407873,0.3160786067835455,WEAK,False
0.04972659752430025,0.37733189086960356,0.2626700381987474,WEAK,False
0.053781168494820064,0.4970208705485947,0.34188697482977354,WEAK,False
0.14254222412348294,0.3668352330733695,0.2883326799409092,WEAK,False
0.05257286249775045,0.3465847715025995,0.24368060335090233,WEAK,False
0.10603877057274463,0.3236416770731653,0.2474806597980181,WEAK,False
0.09654766306785129,0.27170004194235664,0.21039670933627977,WEAK,False
0.0993814625084129,0.39323112425822027,0.2903837426457877,WEAK,False
0.04685672754229492,0.290885139129562,0.20547519507401854,WEAK,False
0.1084438410415336,0.43101151258457293,0.31811282754450915,WEAK,False
0.06270365784800025,0.41516079670369804,0.2918007981042038,WEAK,False
0.13319417374470788,0.3007619084673334,0.2421132013144145,WEAK,False
0.12449537627897383,0.2555664752829669,0.20969159063156934,WEAK,False
0.09847209736454543,0.256981189676326,0.20150300736720278,WEAK,False
0.046479954370429344,0.34524695952615847,0.24067850772165328,WEAK,False
0.10622914420575003,0.43631132546184226,0.32078256202221,WEAK,False
0.11123100373613248,0.3627314856100889,0.27470631695420417,WEAK,False
0.1046630453773637,0.43117487438330543,0.31689573423122586,WEAK,False
0.06489426943355142,0.5470058687094604,0.37826680896289233,MODERATE,False
0.1710204207160851,0.4508933382751415,0.35293781712947175,WEAK,False
0.1271987161269515,0.4230152809328586,0.3194794832507911,WEAK,False
0.1149193485576342,0.3555163894047597,0.2713074251082658,WEAK,False
0.09769815589895053,0.3664200831681241,0.27236740862391334,WEAK,False
0.10896017830060589,0.43362836592396575,0.3199945002557898,WEAK,False
0.09814304698490756,0.42001996475992354,0.30736304353866795,WEAK,False
0.061327218812985584,0.3545953735290337,0.25195151937841687,WEAK,False
0.1368883421750139,0.35647567423047344,0.27962010801106263,WEAK,False
0.11305345441474113,0.2907562995835133,0.22856030377444303,WEAK,False
0.14904977306227163,0.2467490903140746,0.21255432927594356,WEAK,False
0.04517541174422329,0.2475482485003123,0.17671775563568115,WEAK,False
0.10757480201504033,0.2478273352609597,0.19873894862488792,WEAK,False
0.09778166208238825,0.25051111054396547,0.19705580358241345,WEAK,False
0.058517950042443256,0.28660097882061525,0.20677191874825507,WEAK,False
0.09950143971013908,0.26971311722480656,0.21013903009467294,WEAK,False
0.13424489057972544,0.2689167385683083,0.22178159177230428,WEAK,False
0.09077451653995511,0.3109917776721137,0.2339157362758582,WEAK,False
0.16353465117537508,0.3196688045860576,0.2650218508923187,WEAK,False
0.13789794544048384,0.326702763860786,0.26062107741368024,WEAK,False
0.2820038712205129,0.3578461837893743,0.3313013743902728,WEAK,False
0.09634195220748631,0.35732244248010997,0.2659792708846917,WEAK,False
0.18237202433534733,0.43403250525214787,0.3459513369312677,WEAK,False
0.1001392341842487,0.4379148620806689,0.31969339231692184,WEAK,False
0.1001392341842487,0.47569574529192044,0.34425096640423536,WEAK,False
0.0967343395496274,0.4414798043228782,0.3208188916522404,WEAK,False
0.09968377459527505,0.36612301430289207,0.2728692804052261,WEAK,False
0.09700365792239929,0.37619464112800927,0.2784777970060458,WEAK,False
0.0967343395496274,0.39141054972364253,0.28827387616273725,WEAK,False
0.04736393205420164,0.34269930313363023,0.23933192325583022,WEAK,False
0.12388532737534874,0.3271027864746518,0.25597667578989575,WEAK,False
0.04475725757099808,0.25323686689780867,0.18026900363342496,WEAK,False
0.10081835028107894,0.15138033556557642,0.1336836407160023,WEAK,False
0.09847209736454543,0.13836136543348396,0.12440012160935549,WEAK,False
0.10037855550256375,0.21738511999644672,0.17643282242358768,WEAK,False
0.11843018796002308,0.2798045993835773,0.22332355538533333,WEAK,False
0.10867112847541838,0.307474228106505,0.23789314323562466,WEAK,False
0.11123301132650903,0.3052458490440458,0.23734135584290794,WEAK,False
0.058860015807603694,0.3542601403949593,0.2508700967893848,WEAK,False
0.20254033028638546,0.3043911820844943,0.2687433839551562,WEAK,False
0.05666184959123832,0.2485715714545854,0.18140316880241392,WEAK,False
0.12449537627897383,0.23976889127809886,0.19942316102840513,WEAK,False
0.16344448255882343,0.25109841535550664,0.22041953887666751,WEAK,False
0.09858150555197553,0.3727117893164567,0.2767661899988883,WEAK,False
0.10508443504931103,0.40001384145238944,0.29678854921131204,WEAK,False
0.11461680781749051,0.3808536992271976,0.28767078723380013,WEAK,False
0.09847209736454543,0.36591203481667023,0.27230805670842656,WEAK,False
0.11843018796002308,0.3809855444735351,0.2890911696938059,WEAK,False
0.10823392576844604,0.35648082672485165,0.2695944113901097,WEAK,False
0.09847209736454543,0.33150530676596934,0.24994368347547097,WEAK,False
0.09999625724947181,0.2910733010453132,0.22419633571676872,WEAK,False
0.16025859440058648,0.30804693934146515,0.2563210186121576,WEAK,False
0.10187021475441271,0.3197105413447328,0.24346642703812077,WEAK,False
0.053165890189279086,0.2846662074445991,0.2036410964052371,WEAK,False
0.18357848717651953,0.30586793486348834,0.26306662817304927,WEAK,False
0.297025001043739,0.29630119828107737,0.29677167007680744,WEAK,False
0.2995487828366859,0.42361111735140977,0.3801893002712564,MODERATE,False
0.19520530983029544,0.4843835296078407,0.38317115268569985,MODERATE,False
0.07226051775440723,0.6393090184567224,0.44084204321091214,MODERATE,False
0.12457491146618316,0.6490766370122129,0.46550103307110247,MODERATE,False
0.2195205824840734,0.6557328145028645,0.5030585332962876,MODERATE,False
0.05009527853467349,0.742870593733003,0.5003992334135877,MODERATE,False
0.1393504514010746,0.7617746335661914,0.5439261698084006,MODERATE,False
0.09010781828326136,0.7708986085536584,0.5326218319590195,MODERATE,False
0.0715571499305217,0.7666926834516108,0.5233952467192297,MODERATE,False
0.12475871696845137,0.8112622286983494,0.5709859995928851,STRONG,False
0.1543760006251957,0.6671387836531745,0.4876718095933819,MODERATE,False
0.1958165925850051,0.6120655696373157,0.46637842766900706,MODERATE,False
0.06316335950116603,0.5698249191896331,0.3924933732986696,MODERATE,False
0.11649022170263584,0.5387985685261413,0.39099064713791437,MODERATE,False
0.20322020739112817,0.5892037638017332,0.45410951905802144,MODERATE,False
0.20514094242910813,0.48214277559177227,0.3851921339848398,MODERATE,False
0.07140438689964484,0.5249814990891939,0.36622950982285174,MODERATE,False
0.11863940524605054,0.45006275862264444,0.33406458494083663,WEAK,False
0.19965363658703011,0.45752403748680726,0.3672693971718852,MODERATE,False
0.061868516327397816,0.5725612163247055,0.3938187713256478,MODERATE,False
0.11450674137093803,0.6055477978399946,0.43368342807582483,MODERATE,False
0.18857326029798122,0.5449639442721262,0.4202272048811755,MODERATE,False
0.07217117060673461,0.622904955867979,0.4301481310265435,MODERATE,False
0.07217117060673461,0.6112334004786266,0.4225616200234644,MODERATE,False
0.12640861743767517,0.6258117528882796,0.4510206554805681,MODERATE,False
0.16829996090613814,0.5091089096832965,0.38982577761129106,MODERATE,False
0.061868516327397816,0.5208281712773162,0.36019229204484476,WEAK,False
0.11450674137093803,0.506204534615579,0.36911030697995467,MODERATE,False
0.1833830231687686,0.5136703480136617,0.39806978431794915,MODERATE,False
0.154866326982738,0.40164284310181436,0.31527106246013764,WEAK,False
0.10981148479785952,0.4172492364090518,0.3096460233451345,WEAK,False
0.07131851243590348,0.48333247611610436,0.33912758882803407,WEAK,False
0.12444254362968427,0.4412903369215589,0.3303936092694028,WEAK,False
0.21339665041873218,0.4325631390573441,0.35585486803382993,WEAK,False
0.2139796453946809,0.5403124405974401,0.4260959622764744,MODERATE,False
0.06426327013547639,0.5886262716577689,0.40509922112496655,MODERATE,False
0.1152491579961204,0.5393632220865023,0.39092329965486866,MODERATE,False
0.21800338671843417,0.5273277876656997,0.41906424733415676,MODERATE,False
0.07251022446733663,0.5974208749701725,0.41370214729418,MODERATE,False
0.12634279642447,0.6179341471555901,0.4458771743996981,MODERATE,False
0.21339665041873218,0.5425659044131818,0.4273566655151244,MODERATE,False
0.06096457536804517,0.6404707584263207,0.43764359435592426,MODERATE,False
0.11314469609341171,0.6186260917789556,0.44170760328901526,MODERATE,False
0.19803233685474458,0.6304049957804125,0.47907456515642877,MODERATE,False
0.19315354712742067,0.6170073867443596,0.468658542878431,MODERATE,False
0.07414215773369542,0.5847115433864489,0.4060122584079852,MODERATE,False
0.1231559398449888,0.6043103924461052,0.4359063340357145,MODERATE,False
0.15017969710682344,0.6402283875062806,0.4687113458664707,MODERATE,False
0.19589199223475356,0.5523939055532711,0.42761823589178993,MODERATE,False
0.06623634329996697,0.5655609517910851,0.3907973388191938,MODERATE,False
0.11947333166474916,0.5856848691146718,0.42251083100719883,MODERATE,False
0.2143689273492157,0.4601374937667156,0.3741184955205906,MODERATE,False
0.09212872162294866,0.5937399529583052,0.4181760219909304,MODERATE,False
0.14147737998096283,0.6232593348764476,0.4546356506630279,MODERATE,False
0.18983836456217967,0.48161354509258764,0.3794922319069448,MODERATE,False
0.06316335950116603,0.5493475887686959,0.3791831085250605,MODERATE,False
0.06316335950116603,0.5442016464467396,0.37583824601578886,MODERATE,False
0.11586927000608233,0.5396524445736092,0.39132833347497475,MODERATE,False
0.18026545263311616,0.4908004252890912,0.3821131848594999,MODERATE,False
0.18900292006698466,0.42761792594133236,0.3441026738853107,WEAK,False
0.062242667709838495,0.490938185912058,0.3408947545412812,WEAK,False
0.11263406267267556,0.5567282661843332,0.40129529495525307,MODERATE,False
0.1886432946807663,0.47317910503155464,0.3735915714087787,MODERATE,False
0.07414215773369542,0.6063191384852653,0.42005719522221585,MODERATE,False
0.1231559398449888,0.6634120006539245,0.474322379370797,MODERATE,False
0.21930469329123153,0.48584988533574036,0.3925590681201623,MODERATE,False
0.11330659598831738,0.6218248479353299,0.4438434597538755,MODERATE,False
0.06623634329996697,0.6726048061092913,0.46037584412602783,MODERATE,False
0.11947333166474916,0.6420791855588356,0.4591671366959053,MODERATE,False
0.18652997725290704,0.6151104815211409,0.46510730502725905,MODERATE,False
0.06280507608729541,0.5902311700550977,0.4056320371663669,MODERATE,False
0.11693022326757091,0.5965738958279162,0.42869861043179536,MODERATE,False
0.18936278885314922,0.6045532337316272,0.4592365780241599,MODERATE,False
0.19315354712742067,0.6148762355864862,0.4672732946258133,MODERATE,False
0.04167704790595855,0.6187488041251182,0.41677368944841237,MODERATE,False
0.08462066033474736,0.6732908344082584,0.46725627348252957,MODERATE,False
0.09698511714914848,0.5105913520225219,0.3658291698168412,MODERATE,False
0.028099676668776608,0.5109023327760005,0.34192140313847214,WEAK,False
0.06826566102133375,0.5471724847528052,0.3795550964467902,MODERATE,False
0.08535517853509927,0.6142544787364772,0.4291397236659949,MODERATE,False
0.08451450019278478,0.5056692891034156,0.3582651129846948,WEAK,False
0.08451450019278478,0.5082386538959432,0.3599352000998378,WEAK,False
0.08451450019278478,0.5353518727353055,0.3775587923454233,MODERATE,False
0.08451450019278478,0.39641615875707065,0.2872505782595706,WEAK,False
0.08535517853509927,0.3192433717569158,0.23738250412928003,WEAK,False
0.0659310173130967,0.26362288476226364,0.19443073115505521,WEAK,False
0.1531226076645083,0.22270188228425408,0.19834913616734307,WEAK,False
0.11980913366105544,0.1967968554556208,0.16985115282752294,WEAK,False
0.029089352346149677,0.15756802134927242,0.11260048719817946,WEAK,False
0.06786559118429458,0.11438655325865997,0.09810421653263209,WEAK,False
0.030462298528342646,0.1423062848502352,0.1031608896375728,WEAK,False
0.06736021852656543,0.2131454110396148,0.16212059366004752,WEAK,False
0.12324327475761832,0.1936435902246131,0.16900347981116493,WEAK,False
0.1037777609703659,0.3266597505673203,0.24865105420838626,WEAK,False
0.1482332345196058,0.3781314756685602,0.2976670912664262,WEAK,False
0.18627464031740076,0.4951818675448984,0.38706433801527423,MODERATE,False
0.14867905718504698,0.40120186282141107,0.31281888084868364,WEAK,False
0.1445505549639694,0.40452236852450146,0.31353223377831524,WEAK,False
0.15531057563871786,0.3513958652358178,0.2827660138768328,WEAK,False
0.1457669417594905,0.30373051160007764,0.24844326215587215,WEAK,False
0.1574939615441347,0.2871987177804201,0.2418020530977202,WEAK,False
0.16214388573146227,0.24128514744472765,0.21358570584508474,WEAK,False
0.15332181622229502,0.18329447587047382,0.17280404499361124,WEAK,False
0.1567771331909114,0.16651566651874433,0.1631071798540028,WEAK,False
0.14508306680056554,0.11886444608955514,0.13590654955171189,WEAK,False
0.14548170709929809,0.11250915854113523,0.13394131510394108,WEAK,False
0.1704543608884465,0.08402973575162716,0.14020574209055975,WEAK,False
0.15907056620885246,0.08780889532133841,0.13412898139822255,WEAK,False
0.05728101667470248,0.09098649761245808,0.07918957928424361,WEAK,False
0.187115251825897,0.12238644373335529,0.1644601689935074,WEAK,False
0.16390530725716274,0.16019945656534337,0.16260825951502597,WEAK,False
0.17498353656669924,0.19902602173077516,0.1906111519233486,WEAK,False
0.16467201021199435,0.2610162160935812,0.2272957440350258,WEAK,False
0.15388434904752246,0.31198858120695633,0.25665209995115446,WEAK,False
0.14460598684808657,0.31956405587682013,0.2583287317167634,WEAK,False
0.19560705173688014,0.35998013112601046,0.3024495533398148,WEAK,False
0.061655006546153523,0.41601348764507823,0.2919880192604546,WEAK,False
0.11450674137093803,0.4120438327690531,0.30790585077971283,WEAK,False
0.21527620956848487,0.3607292257496325,0.3098206700862308,WEAK,False
0.18883773335156978,0.4575426494116178,0.363495928790601,WEAK,False
0.0702147045643503,0.4509448010903284,0.31768926730623603,WEAK,False
0.11721225166982058,0.44262155582517354,0.3287282993708,WEAK,False
0.21303081198633084,0.42956034171497576,0.35377500630995,WEAK,False
0.07414215773369542,0.5482588372738835,0.38231799943481765,MODERATE,False
0.1231559398449888,0.5722993793192936,0.41509917550328695,MODERATE,False
0.2244235542399527,0.5167229100955072,0.4144181355460631,MODERATE,False
0.07245196588303754,0.5897804855443174,0.40871550366286946,MODERATE,False
0.12640861743767517,0.5791347712742223,0.4206806174314308,MODERATE,False
0.19672044333512456,0.5987503087881436,0.45803985587958695,MODERATE,False
0.07254137350222234,0.6198210136188809,0.42827313957805035,MODERATE,False
0.12457491146618316,0.5711097337497906,0.414822545950528,MODERATE,False
0.2139877665931606,0.5638440169996878,0.4413943293574033,MODERATE,False
0.20011592905009096,0.7354670241574409,0.5480941408698684,MODERATE,False
0.0924230244741564,0.6109813263985107,0.4294859207249867,MODERATE,False
0.14180508275677461,0.620109103132177,0.45270269600078616,MODERATE,False
0.19350494788007472,0.6320042342768961,0.4785294840380086,MODERATE,False
0.1870341132015047,0.6359855679508228,0.47885255878856153,MODERATE,False
0.0780524078539328,0.6503266694292228,0.45003067787787127,MODERATE,False
0.12667482625508797,0.6748604914112074,0.4829955086065656,MODERATE,False
0.17645857232460166,0.5480617007402957,0.4180006057948028,MODERATE,False
0.20011592905009096,0.6366506875724772,0.483863522089642,MODERATE,False
0.11223643227150121,0.6631302923580139,0.47031744132773445,MODERATE,False
0.14403491712893868,0.5219367358316411,0.38967109928569527,MODERATE,False
0.1425129783716601,0.5638697802481082,0.41639489959135134,MODERATE,False
0.1456175504216386,0.4979761059196143,0.37465061149532275,MODERATE,False
0.1437057061879653,0.5074526294467739,0.3801412063061909,MODERATE,False
0.14278842762308458,0.3746786861925254,0.29351709569322115,WEAK,False
0.14403491712893868,0.32280743621558644,0.26023705453525975,WEAK,False
0.062142338610156445,0.28574178210553414,0.20748197688215195,WEAK,False
0.11450674137093803,0.2933382302666535,0.2307472091531531,WEAK,False
0.20463674286663164,0.20507200731919542,0.2049196647607981,WEAK,False
0.1857633296432058,0.3192075606336284,0.2725020797869805,WEAK,False
0.06096457536804517,0.3488738021141441,0.24810557275300948,WEAK,False
0.11314469609341171,0.3495275656405748,0.2667935612990677,WEAK,False
0.18875695289589361,0.3787621630566344,0.31226033950037513,WEAK,False
0.0924230244741564,0.5185946055379695,0.369434552165635,MODERATE,False
0.14180508275677461,0.5242625526229746,0.3904024381698046,MODERATE,False
0.1610180610740672,0.5276445703430576,0.39932529209891093,MODERATE,False
0.18586887679152503,0.5666400959130081,0.4333701692204891,MODERATE,False
0.06182699511391754,0.564214827595506,0.38837908622695005,MODERATE,False
0.11481619000720328,0.5795022582785774,0.4168621343835964,MODERATE,False
0.1610180610740672,0.45273742524630495,0.35063564778602174,WEAK,False
0.06316335950116603,0.483339201751197,0.33627765696368617,WEAK,False
0.11617964082250809,0.48012875670697397,0.35274656614741096,WEAK,False
0.19441121515377152,0.4856828650082416,0.3837377875591771,MODERATE,False
0.062242667709838495,0.45962102609025746,0.3205386006571108,WEAK,False
0.11226224482651981,0.4456753604748795,0.3289807699979536,WEAK,False
0.1940479318267055,0.4567912115535466,0.36483106364915224,WEAK,False
0.06115795617189551,0.529379261226325,0.3655018044572747,MODERATE,False
0.18375616879559015,0.4817057062583598,0.37742336814639044,MODERATE,False
0.07463062593976794,0.4793721680131745,0.3377126282874822,WEAK,False
0.1238098006040031,0.5435156355586138,0.39661859332450006,MODERATE,False
0.14964456226270606,0.4669556990274662,0.35589680115980016,WEAK,False
0.18883773335156978,0.5862503106095496,0.44715590856925663,MODERATE,False
0.06110906186663895,0.5705052320660672,0.3922165724962673,MODERATE,False
0.11105228152232627,0.4448930413149603,0.3280487753875384,WEAK,False
0.1970609354272866,0.4278576194381362,0.34707878003433884,WEAK,False
0.2019553684874305,0.5822853744993368,0.4491698723951696,MODERATE,False
0.0702147045643503,0.44373240659659846,0.31300121088531163,WEAK,False
0.11721225166982058,0.433544515189182,0.32282822295740554,WEAK,False
0.20436072626444496,0.4023394280296779,0.33304688241184643,WEAK,False
0.18597008688479827,0.5250542259377399,0.40637477726921034,MODERATE,False
0.07131851243590348,0.5480756861172902,0.3812106753288048,MODERATE,False
0.12386745576441971,0.5048360917133419,0.37149706913121916,MODERATE,False
0.20138531496239848,0.48073134981432436,0.38296023761615033,MODERATE,False
0.06426327013547639,0.6121898502830382,0.4204155472313916,MODERATE,False
0.1152491579961204,0.6490807606468723,0.4622396997191091,MODERATE,False
0.21447977557638181,0.530021532006791,0.4195819172561478,MODERATE,False
0.18658461415632427,0.6092850001651755,0.4613398650620776,MODERATE,False
0.06110906186663895,0.6165191628828134,0.4221256275271523,MODERATE,False
0.11105228152232627,0.6225501380622785,0.44352588827329525,MODERATE,False
0.19557750413351077,0.5217080098713959,0.4075623328631361,MODERATE,False
0.07217117060673461,0.5892647369127986,0.4082819887056762,MODERATE,False
0.12640861743767517,0.5992742281370448,0.43377126439226543,MODERATE,False
0.15949972411515617,0.6206857065507574,0.459270612698297,MODERATE,False
0.106036537712145,0.5598004475037938,0.4009830790767167,MODERATE,False
0.10550372064632008,0.5704845564956766,0.4077412639484018,MODERATE,False
0.15018927804516974,0.5739463376816618,0.4256313668088896,MODERATE,False
0.18825695028017125,0.5353195503776598,0.41384764034353877,MODERATE,False
0.18658461415632427,0.49774513646089136,0.3888389536542929,MODERATE,False
0.1837752556683651,0.4849768008817668,0.3795562600570762,MODERATE,False
0.18573738747158236,0.47268840623153413,0.372255549665551,MODERATE,False
0.19373202396734984,0.3421012180224524,0.2901720001031665,WEAK,False
0.18573738747158236,0.32539552384249076,0.27651517611267284,WEAK,False
0.1567802714216226,0.319044557971127,0.2622520576788005,WEAK,False
0.15507512457544242,0.251538969196945,0.21777662357941913,WEAK,False
0.15529215466801732,0.2410696511326259,0.21104752737001292,WEAK,False
0.1567070512020312,0.1902226808319232,0.17849221046146102,WEAK,False
0.14313753121672151,0.16406058280206826,0.1567375147471969,WEAK,False
0.1457669417594905,0.14190076287487238,0.14441377914987416,WEAK,False
0.1457669417594905,0.12260838663685976,0.13766144746656975,WEAK,False
0.1445505549639694,0.09613766106575124,0.12760604209959306,WEAK,False
0.1425129783716601,0.09004877947789111,0.12415050875884096,WEAK,False
0.1567070512020312,0.08195522497338416,0.13054391202200474,WEAK,False
0.14403491712893868,0.07953560876306666,0.12146015920088347,WEAK,False
0.18193395310803812,0.07851223487165439,0.1457363517253038,WEAK,False
0.18917954664313014,0.1203510951364895,0.16508958861580592,WEAK,False
0.1838282666929621,0.1439867873642554,0.16988374892791475,WEAK,False
0.2019553684874305,0.14256997806751523,0.18117048184046017,WEAK,False
0.1977932240628099,0.146533958737977,0.1798524811991184,WEAK,False
0.19373202396734984,0.14869427090977957,0.17796881039720025,WEAK,False
0.1927352540621035,0.14628862296858083,0.17647893317937058,WEAK,False
0.1554819307725191,0.1859031970846598,0.17525575387541056,WEAK,False
0.15529215466801732,0.20348396751108505,0.18661683301601134,WEAK,False
0.15777964121388038,0.20741120048459064,0.19004015473984204,WEAK,False
0.14889800989095375,0.19342109300321947,0.17783801391392645,WEAK,False
0.14353458154808596,0.17140445372067353,0.1616499984602679,WEAK,False
0.14373493441893126,0.15070520104080878,0.14826560772315164,WEAK,False
0.1567070512020312,0.13054976441277066,0.14755200082579,WEAK,False
0.1423527250747033,0.10430822522314569,0.12903715012665815,WEAK,False
0.16364307850417842,0.0914721005162762,0.13838323620841264,WEAK,False
0.14403491712893868,0.08586936013494767,0.12367697218104183,WEAK,False
0.14725714239524385,0.07600491088164793,0.12231886136548527,WEAK,False
0.14866510774947173,0.0786661326890114,0.12416546647831062,WEAK,False
0.15897934599223146,0.08006048812253001,0.13135774573783596,WEAK,False
0.18855058203865444,0.08355103189839404,0.1518007394895633,WEAK,False
0.18974779646554069,0.12117442229644512,0.16574711550635723,WEAK,False
0.1861646268329526,0.14541750996686595,0.17190313592982226,WEAK,False
0.18236270938470628,0.14674815757316645,0.16989761625066735,WEAK,False
0.18228903750955444,0.14579228948870387,0.16951517570225674,WEAK,False
0.18597008688479827,0.15315488178602873,0.17448476510022892,WEAK,False
0.18394969341558037,0.14983951281986466,0.17201113020707987,WEAK,False
0.18402189062573998,0.162577991237734,0.17651652583993788,WEAK,False
0.1651577790945568,0.1923163417166252,0.18281084479890125,WEAK,False
0.1603585645959668,0.23174044547104125,0.2067567871647652,WEAK,False
0.15634555925642907,0.22672866245873047,0.202094576337925,WEAK,False
0.154955329810206,0.2034341314475626,0.1864665508744878,WEAK,False
0.15817013018300835,0.18454208989050497,0.17531190399288116,WEAK,False
0.15497471972113613,0.16675391664467035,0.16263119772143336,WEAK,False
0.16898167971469463,0.14793278186648445,0.16161456546782105,WEAK,False
0.1567802714216226,0.12957182471627945,0.1472573150747525,WEAK,False
0.1603585645959668,0.09956742816266045,0.1390816668443096,WEAK,False
0.14675943123845037,0.09794353801432093,0.12967386861000507,WEAK,False
0.14889800989095375,0.0891944297263203,0.12800175683333204,WEAK,False
0.1456175504216386,0.08543826868176246,0.12455480181268196,WEAK,False
0.14279265127270913,0.08197250571086342,0.12150560032606313,WEAK,False
0.15897934599223146,0.08578058294131138,0.13335977892440942,WEAK,False
0.15897934599223146,0.08498473116624378,0.13308123080313577,WEAK,False
0.18484497121110705,0.08229694024638208,0.1489531603734533,WEAK,False
0.1986488512808508,0.12306419819517826,0.1721942227008654,WEAK,False
0.1860441079054445,0.14664879391342422,0.1722557480082374,WEAK,False
0.1977932240628099,0.14929455027991767,0.18081868823879763,WEAK,False
0.1861496896318247,0.14939576945393715,0.17328581756956407,WEAK,False
0.184682191661189,0.13715460974551033,0.16804753799070146,WEAK,False
0.15581911204189308,0.15927722254155594,0.15806688386667395,WEAK,False
0.16898167971469463,0.18352048530998627,0.1784319033516342,WEAK,False
0.15507512457544242,0.19847296478535906,0.18328372071188823,WEAK,False
0.15777964121388038,0.1911866323806814,0.17949418547230106,WEAK,False
0.1567070512020312,0.17041860385672888,0.1656195604275847,WEAK,False
0.16255646879515845,0.15433647932177447,0.15967947247947406,WEAK,False
0.14313753121672151,0.13089856975067468,0.13885389470360512,WEAK,False
0.14274857771331434,0.1022264640911771,0.1285658379455663,WEAK,False
0.1456175504216386,0.09464295380253433,0.1277764416049521,WEAK,False
0.14720391554121232,0.0874209859254303,0.1262798901756886,WEAK,False
0.1456175504216386,0.08611702030998455,0.12479236488255968,WEAK,False
0.1834721412222708,0.08500246186480176,0.14900775344715664,WEAK,False
0.1837752556683651,0.12615713164174946,0.16360891225904964,WEAK,False
0.1986488512808508,0.14799905115919793,0.1809214212382723,WEAK,False
0.19010816939541203,0.15196669166688398,0.17675865219042722,WEAK,False
0.19440449753016603,0.14967538954693335,0.1787493097360346,WEAK,False
0.18525856245908773,0.14525658944788555,0.17125787190516695,WEAK,False
0.18573738747158236,0.14583962690190014,0.17177317127219358,WEAK,False
0.18394969341558037,0.1823282052829097,0.18338217256914563,WEAK,False
0.16898167971469463,0.21120535983266367,0.1964270717913745,WEAK,False
0.15777964121388038,0.2143490520368959,0.19454975824884047,WEAK,False
0.1927352540621035,0.194591504788605,0.19394181703432947,WEAK,False
0.17416045375358297,0.19011398552766495,0.18453024940673626,WEAK,False
0.1861646268329526,0.16954338209523895,0.1803471911747528,WEAK,False
0.06426327013547639,0.17941517377388636,0.13911200750044286,WEAK,False
0.1152491579961204,0.15696859629798787,0.14236679289233425,WEAK,False
0.16788341808837443,0.147131150233391,0.16062012433913023,WEAK,False
0.07323767510064633,0.249313471025391,0.18768694245173037,WEAK,False
0.12212273723494388,0.24599449608919913,0.2026393804902098,WEAK,False
0.18605891905541078,0.2719725113384996,0.24190275403941852,WEAK,False
0.18484497121110705,0.43026006472477635,0.3443647819949921,WEAK,False
0.12457491146618316,0.4652370102858894,0.3460052756989922,WEAK,False
0.07226051775440723,0.46080482867479183,0.3248143198526572,WEAK,False
0.20175356434227493,0.4432901290610939,0.35875233140950724,WEAK,False
0.1986488512808508,0.5423573559365469,0.42205937930705323,MODERATE,False
0.1425129783716601,0.5628704809307739,0.41574535503508403,MODERATE,False
0.14274857771331434,0.6074573535280067,0.44480928199286435,MODERATE,False
0.14246005975461495,0.5293363884479663,0.3939296734052933,MODERATE,False
0.18193395310803812,0.5096588825552556,0.39495515724872954,MODERATE,False
0.1834721412222708,0.5116935414692283,0.3968160513827932,MODERATE,False
0.19101762705265585,0.4099809864515619,0.3333438106619448,WEAK,False
0.19101762705265585,0.36541228055254016,0.30437415182758065,WEAK,False
0.18402189062573998,0.33831238578903083,0.28431071248187906,WEAK,False
0.1571545032254904,0.2955466514263575,0.24710939955605402,WEAK,False
0.16898167971469463,0.1949144649081875,0.185837990090465,WEAK,False
0.15634555925642907,0.1595198984907784,0.15840887975875614,WEAK,False
0.1567070512020312,0.16478785150212757,0.16195957139709385,WEAK,False
0.14353458154808596,0.1639147829962631,0.1567817124894011,WEAK,False
0.145924457438675,0.14830333492607595,0.14747072780548562,WEAK,False
0.15897934599223146,0.12824172509684204,0.14822117867884516,WEAK,False
0.14725714239524385,0.10560357582694156,0.13267839409633803,WEAK,False
0.14279265127270913,0.09411402561400915,0.12575513229216412,WEAK,False
0.16364307850417842,0.09033701690182283,0.13798595694335397,WEAK,False
0.18591686022360449,0.08597158101988536,0.1509360125023028,WEAK,False
0.1857633296432058,0.12373662299516848,0.16405398231639273,WEAK,False
0.18469175194472426,0.1443026189889074,0.17055555541018835,WEAK,False
0.1831109468867868,0.14903993675195518,0.17118609333959572,WEAK,False
0.15681641875429786,0.14458715208167439,0.15253617541887965,WEAK,False
0.1457669417594905,0.13368225219387056,0.14153730041152351,WEAK,False
0.14725714239524385,0.16273853747070202,0.15732004919429166,WEAK,False
0.1986488512808508,0.16859365921408762,0.18812953405748367,WEAK,False
0.1567070512020312,0.22890198986319174,0.20363376133178557,WEAK,False
0.18326636088932308,0.22235327380558034,0.2086728542848903,WEAK,False
0.18438009703364816,0.2162401034149234,0.20508910118147705,WEAK,False
0.19101762705265585,0.20973953208859883,0.2031868653260188,WEAK,False
0.18573738747158236,0.1804262721996589,0.18387849712640914,WEAK,False
0.15681641875429786,0.1603785689790613,0.1591318164003941,WEAK,False
0.24825941549788827,0.1613241670248858,0.2178320785323374,WEAK,False
0.24825941549788827,0.2337933438411217,0.24319629041801996,WEAK,False
0.07254137350222234,0.30974939447493555,0.22672658713448593,WEAK,False
0.12457491146618316,0.39042025810131714,0.2973743867790203,WEAK,False
0.19500155391513024,0.3847610490383939,0.3183452257452516,WEAK,False
0.18778044243053144,0.532543504445685,0.4118764327403812,MODERATE,False
0.07217117060673461,0.5353297397555559,0.3732242405534685,MODERATE,False
0.12640861743767517,0.537665376465729,0.3937255108059102,MODERATE,False
0.2090516964328672,0.5408500335623029,0.4247206155670004,MODERATE,False
0.10257356286355324,0.6775882967091477,0.4763331398631896,MODERATE,False
0.37818132399990606,0.6739187227773699,0.5704106332052575,STRONG,False
0.11887980019660505,1.1912061023341292,0.8158918965859958,STRONG,False
